county_fips,county_name,state_fips,state_name,state_abrev
48081,Coke,48,Texas,TX
48273,Kleberg,48,Texas,TX
48203,Harrison,48,Texas,TX
48223,Hopkins,48,Texas,TX
48033,Borden,48,Texas,TX
48419,Shelby,48,Texas,TX
48067,Cass,48,Texas,TX
48025,Bee,48,Texas,TX
51167,Russell,51,Virginia,VA
51187,Warren,51,Virginia,VA
51165,Rockingham,51,Virginia,VA
51195,Wise,51,Virginia,VA
51083,Halifax,51,Virginia,VA
51053,Dinwiddie,51,Virginia,VA
51117,Mecklenburg,51,Virginia,VA
51031,Campbell,51,Virginia,VA
51007,Amelia,51,Virginia,VA
51036,Charles City,51,Virginia,VA
51017,Bath,51,Virginia,VA
51127,New Kent,51,Virginia,VA
51181,Surry,51,Virginia,VA
51790,Staunton,51,Virginia,VA
31185,York,31,Nebraska,NE
12075,Levy,12,Florida,FL
31183,Wheeler,31,Nebraska,NE
5119,Pulaski,5,Arkansas,AR
5075,Lawrence,5,Arkansas,AR
5093,Mississippi,5,Arkansas,AR
5001,Arkansas,5,Arkansas,AR
5081,Little River,5,Arkansas,AR
5121,Randolph,5,Arkansas,AR
5067,Jackson,5,Arkansas,AR
5103,Ouachita,5,Arkansas,AR
5107,Phillips,5,Arkansas,AR
5003,Ashley,5,Arkansas,AR
22055,Lafayette,22,Louisiana,LA
22069,Natchitoches,22,Louisiana,LA
22097,St. Landry,22,Louisiana,LA
22099,St. Martin,22,Louisiana,LA
22105,Tangipahoa,22,Louisiana,LA
22057,Lafourche,22,Louisiana,LA
22085,Sabine,22,Louisiana,LA
22015,Bossier,22,Louisiana,LA
22111,Union,22,Louisiana,LA
22039,Evangeline,22,Louisiana,LA
22063,Livingston,22,Louisiana,LA
22051,Jefferson,22,Louisiana,LA
22077,Pointe Coupee,22,Louisiana,LA
22065,Madison,22,Louisiana,LA
22029,Concordia,22,Louisiana,LA
22075,Plaquemines,22,Louisiana,LA
33007,Coos,33,New Hampshire,NH
34013,Essex,34,New Jersey,NJ
34019,Hunterdon,34,New Jersey,NJ
29019,Boone,29,Missouri,MO
29207,Stoddard,29,Missouri,MO
29029,Camden,29,Missouri,MO
30029,Flathead,30,Montana,MT
29099,Jefferson,29,Missouri,MO
29033,Carroll,29,Missouri,MO
29157,Perry,29,Missouri,MO
29013,Bates,29,Missouri,MO
30053,Lincoln,30,Montana,MT
30045,Judith Basin,30,Montana,MT
30093,Silver Bow,30,Montana,MT
29195,Saline,29,Missouri,MO
29041,Chariton,29,Missouri,MO
30075,Powder River,30,Montana,MT
30087,Rosebud,30,Montana,MT
29039,Cedar,29,Missouri,MO
29197,Schuyler,29,Missouri,MO
30061,Mineral,30,Montana,MT
30031,Gallatin,30,Montana,MT
13121,Fulton,13,Georgia,GA
13029,Bryan,13,Georgia,GA
37039,Cherokee,37,North Carolina,NC
13135,Gwinnett,13,Georgia,GA
37159,Rowan,37,North Carolina,NC
37171,Surry,37,North Carolina,NC
17161,Rock Island,17,Illinois,IL
13127,Glynn,13,Georgia,GA
6001,Alameda,6,California,CA
6061,Placer,6,California,CA
6037,Los Angeles,6,California,CA
6095,Solano,6,California,CA
6093,Siskiyou,6,California,CA
6111,Ventura,6,California,CA
6115,Yuba,6,California,CA
6019,Fresno,6,California,CA
6107,Tulare,6,California,CA
6007,Butte,6,California,CA
6083,Santa Barbara,6,California,CA
6055,Napa,6,California,CA
6103,Tehama,6,California,CA
6053,Monterey,6,California,CA
12086,Miami-Dade,12,Florida,FL
12073,Leon,12,Florida,FL
12057,Hillsborough,12,Florida,FL
12083,Marion,12,Florida,FL
12113,Santa Rosa,12,Florida,FL
12123,Taylor,12,Florida,FL
12107,Putnam,12,Florida,FL
12047,Hamilton,12,Florida,FL
42003,Allegheny,42,Pennsylvania,PA
42071,Lancaster,42,Pennsylvania,PA
42101,Philadelphia,42,Pennsylvania,PA
42029,Chester,42,Pennsylvania,PA
45045,Greenville,45,South Carolina,SC
45013,Beaufort,45,South Carolina,SC
45031,Darlington,45,South Carolina,SC
42045,Delaware,42,Pennsylvania,PA
45047,Greenwood,45,South Carolina,SC
45087,Union,45,South Carolina,SC
45021,Cherokee,45,South Carolina,SC
42017,Bucks,42,Pennsylvania,PA
42095,Northampton,42,Pennsylvania,PA
42127,Wayne,42,Pennsylvania,PA
45065,McCormick,45,South Carolina,SC
39035,Cuyahoga,39,Ohio,OH
42041,Cumberland,42,Pennsylvania,PA
40145,Wagoner,40,Oklahoma,OK
40097,Mayes,40,Oklahoma,OK
40087,McClain,40,Oklahoma,OK
48339,Montgomery,48,Texas,TX
48029,Bexar,48,Texas,TX
48479,Webb,48,Texas,TX
48061,Cameron,48,Texas,TX
48241,Jasper,48,Texas,TX
48361,Orange,48,Texas,TX
48233,Hutchinson,48,Texas,TX
48459,Upshur,48,Texas,TX
48187,Guadalupe,48,Texas,TX
48277,Lamar,48,Texas,TX
48105,Crockett,48,Texas,TX
48355,Nueces,48,Texas,TX
48153,Floyd,48,Texas,TX
53035,Kitsap,53,Washington,WA
53021,Franklin,53,Washington,WA
53011,Clark,53,Washington,WA
54039,Kanawha,54,West Virginia,WV
54007,Braxton,54,West Virginia,WV
55121,Trempealeau,55,Wisconsin,WI
53027,Grays Harbor,53,Washington,WA
53005,Benton,53,Washington,WA
54033,Harrison,54,West Virginia,WV
54085,Ritchie,54,West Virginia,WV
54103,Wetzel,54,West Virginia,WV
54099,Wayne,54,West Virginia,WV
54011,Cabell,54,West Virginia,WV
55111,Sauk,55,Wisconsin,WI
55043,Grant,55,Wisconsin,WI
53015,Cowlitz,53,Washington,WA
53075,Whitman,53,Washington,WA
54027,Hampshire,54,West Virginia,WV
55075,Marinette,55,Wisconsin,WI
54043,Lincoln,54,West Virginia,WV
13271,Telfair,13,Georgia,GA
13279,Toombs,13,Georgia,GA
15007,Kauai,15,Hawaii,HI
16069,Nez Perce,16,Idaho,ID
13301,Warren,13,Georgia,GA
13007,Baker,13,Georgia,GA
13143,Haralson,13,Georgia,GA
35021,Harding,35,New Mexico,NM
19041,Clay,19,Iowa,IA
1005,Barbour,1,Alabama,AL
56025,Natrona,56,Wyoming,WY
56045,Weston,56,Wyoming,WY
40013,Bryan,40,Oklahoma,OK
20099,Labette,20,Kansas,KS
38099,Walsh,38,North Dakota,ND
38031,Foster,38,North Dakota,ND
38097,Traill,38,North Dakota,ND
38005,Benson,38,North Dakota,ND
21187,Owen,21,Kentucky,KY
21193,Perry,21,Kentucky,KY
21049,Clark,21,Kentucky,KY
16059,Lemhi,16,Idaho,ID
16041,Franklin,16,Idaho,ID
16037,Custer,16,Idaho,ID
13221,Oglethorpe,13,Georgia,GA
47159,Smith,47,Tennessee,TN
46095,Mellette,46,South Dakota,SD
37107,Lenoir,37,North Carolina,NC
37017,Bladen,37,North Carolina,NC
37193,Wilkes,37,North Carolina,NC
37111,McDowell,37,North Carolina,NC
37089,Henderson,37,North Carolina,NC
13137,Habersham,13,Georgia,GA
37167,Stanly,37,North Carolina,NC
13289,Twiggs,13,Georgia,GA
17007,Boone,17,Illinois,IL
37175,Transylvania,37,North Carolina,NC
37105,Lee,37,North Carolina,NC
37165,Scotland,37,North Carolina,NC
13105,Elbert,13,Georgia,GA
37139,Pasquotank,37,North Carolina,NC
13051,Chatham,13,Georgia,GA
13073,Columbia,13,Georgia,GA
13189,McDuffie,13,Georgia,GA
37131,Northampton,37,North Carolina,NC
37115,Madison,37,North Carolina,NC
48405,San Augustine,48,Texas,TX
48313,Madison,48,Texas,TX
48107,Crosby,48,Texas,TX
48015,Austin,48,Texas,TX
8077,Mesa,8,Colorado,CO
26085,Lake,26,Michigan,MI
26041,Delta,26,Michigan,MI
26089,Leelanau,26,Michigan,MI
26071,Iron,26,Michigan,MI
26141,Presque Isle,26,Michigan,MI
26103,Marquette,26,Michigan,MI
6003,Alpine,6,California,CA
6051,Mono,6,California,CA
6025,Imperial,6,California,CA
6027,Inyo,6,California,CA
6063,Plumas,6,California,CA
8107,Routt,8,Colorado,CO
10003,New Castle,10,Delaware,DE
10001,Kent,10,Delaware,DE
1003,Baldwin,1,Alabama,AL
1071,Jackson,1,Alabama,AL
8055,Huerfano,8,Colorado,CO
8001,Adams,8,Colorado,CO
8059,Jefferson,8,Colorado,CO
8005,Arapahoe,8,Colorado,CO
8029,Delta,8,Colorado,CO
8049,Grand,8,Colorado,CO
8015,Chaffee,8,Colorado,CO
8065,Lake,8,Colorado,CO
6105,Trinity,6,California,CA
18175,Washington,18,Indiana,IN
18149,Starke,18,Indiana,IN
19003,Adams,19,Iowa,IA
17027,Clinton,17,Illinois,IL
17003,Alexander,17,Illinois,IL
18083,Knox,18,Indiana,IN
18099,Marshall,18,Indiana,IN
18051,Gibson,18,Indiana,IN
19185,Wayne,19,Iowa,IA
13103,Effingham,13,Georgia,GA
40077,Latimer,40,Oklahoma,OK
40133,Seminole,40,Oklahoma,OK
41017,Deschutes,41,Oregon,OR
41003,Benton,41,Oregon,OR
42099,Perry,42,Pennsylvania,PA
45061,Lee,45,South Carolina,SC
41015,Curry,41,Oregon,OR
41061,Union,41,Oregon,OR
41055,Sherman,41,Oregon,OR
15003,Honolulu,15,Hawaii,HI
13319,Wilkinson,13,Georgia,GA
13209,Montgomery,13,Georgia,GA
13317,Wilkes,13,Georgia,GA
16083,Twin Falls,16,Idaho,ID
13241,Rabun,13,Georgia,GA
13033,Burke,13,Georgia,GA
13261,Sumter,13,Georgia,GA
16077,Power,16,Idaho,ID
1073,Jefferson,1,Alabama,AL
1121,Talladega,1,Alabama,AL
1001,Autauga,1,Alabama,AL
1091,Marengo,1,Alabama,AL
1041,Crenshaw,1,Alabama,AL
32003,Clark,32,Nevada,NV
24035,Queen Anne's,24,Maryland,MD
35045,San Juan,35,New Mexico,NM
35055,Taos,35,New Mexico,NM
36103,Suffolk,36,New York,NY
36119,Westchester,36,New York,NY
2013,Aleutians East,2,Alaska,AK
2164,Lake and Peninsula,2,Alaska,AK
36031,Essex,36,New York,NY
36025,Delaware,36,New York,NY
21151,Madison,21,Kentucky,KY
21209,Scott,21,Kentucky,KY
21133,Letcher,21,Kentucky,KY
21093,Hardin,21,Kentucky,KY
21067,Fayette,21,Kentucky,KY
21059,Daviess,21,Kentucky,KY
21099,Hart,21,Kentucky,KY
21205,Rowan,21,Kentucky,KY
21005,Anderson,21,Kentucky,KY
21123,Larue,21,Kentucky,KY
21115,Johnson,21,Kentucky,KY
21107,Hopkins,21,Kentucky,KY
21013,Bell,21,Kentucky,KY
21051,Clay,21,Kentucky,KY
21189,Owsley,21,Kentucky,KY
31171,Thomas,31,Nebraska,NE
30055,McCone,30,Montana,MT
24005,Baltimore,24,Maryland,MD
24003,Anne Arundel,24,Maryland,MD
24013,Carroll,24,Maryland,MD
24021,Frederick,24,Maryland,MD
24039,Somerset,24,Maryland,MD
24029,Kent,24,Maryland,MD
24047,Worcester,24,Maryland,MD
39123,Ottawa,39,Ohio,OH
29057,Dade,29,Missouri,MO
28137,Tate,28,Mississippi,MS
28033,DeSoto,28,Mississippi,MS
28083,Leflore,28,Mississippi,MS
28087,Lowndes,28,Mississippi,MS
28053,Humphreys,28,Mississippi,MS
28131,Stone,28,Mississippi,MS
36111,Ulster,36,New York,NY
36043,Herkimer,36,New York,NY
36091,Saratoga,36,New York,NY
36017,Chenango,36,New York,NY
48229,Hudspeth,48,Texas,TX
47185,White,47,Tennessee,TN
47001,Anderson,47,Tennessee,TN
47107,McMinn,47,Tennessee,TN
47049,Fentress,47,Tennessee,TN
47081,Hickman,47,Tennessee,TN
47143,Rhea,47,Tennessee,TN
47093,Knox,47,Tennessee,TN
47013,Campbell,47,Tennessee,TN
47123,Monroe,47,Tennessee,TN
47003,Bedford,47,Tennessee,TN
47019,Carter,47,Tennessee,TN
47085,Humphreys,47,Tennessee,TN
47167,Tipton,47,Tennessee,TN
47091,Johnson,47,Tennessee,TN
47041,DeKalb,47,Tennessee,TN
49019,Grand,49,Utah,UT
47097,Lauderdale,47,Tennessee,TN
47149,Rutherford,47,Tennessee,TN
49025,Kane,49,Utah,UT
47157,Shelby,47,Tennessee,TN
18129,Posey,18,Indiana,IN
23003,Aroostook,23,Maine,ME
23029,Washington,23,Maine,ME
23027,Waldo,23,Maine,ME
4025,Yavapai,4,Arizona,AZ
4009,Graham,4,Arizona,AZ
49043,Summit,49,Utah,UT
49007,Carbon,49,Utah,UT
49051,Wasatch,49,Utah,UT
53067,Thurston,53,Washington,WA
27147,Steele,27,Minnesota,MN
27127,Redwood,27,Minnesota,MN
27087,Mahnomen,27,Minnesota,MN
27015,Brown,27,Minnesota,MN
46085,Lyman,46,South Dakota,SD
46041,Dewey,46,South Dakota,SD
46075,Jones,46,South Dakota,SD
48235,Irion,48,Texas,TX
48125,Dickens,48,Texas,TX
48239,Jackson,48,Texas,TX
21203,Rockcastle,21,Kentucky,KY
21147,McCreary,21,Kentucky,KY
27023,Chippewa,27,Minnesota,MN
27011,Big Stone,27,Minnesota,MN
40117,Pawnee,40,Oklahoma,OK
13249,Schley,13,Georgia,GA
13309,Wheeler,13,Georgia,GA
12127,Volusia,12,Florida,FL
12031,Duval,12,Florida,FL
12103,Pinellas,12,Florida,FL
12069,Lake,12,Florida,FL
12119,Sumter,12,Florida,FL
12023,Columbia,12,Florida,FL
12033,Escambia,12,Florida,FL
12089,Nassau,12,Florida,FL
12079,Madison,12,Florida,FL
12017,Citrus,12,Florida,FL
12125,Union,12,Florida,FL
42133,York,42,Pennsylvania,PA
42125,Washington,42,Pennsylvania,PA
42063,Indiana,42,Pennsylvania,PA
42005,Armstrong,42,Pennsylvania,PA
44009,Washington,44,Rhode Island,RI
45083,Spartanburg,45,South Carolina,SC
45019,Charleston,45,South Carolina,SC
45027,Clarendon,45,South Carolina,SC
45015,Berkeley,45,South Carolina,SC
45055,Kershaw,45,South Carolina,SC
45043,Georgetown,45,South Carolina,SC
41051,Multnomah,41,Oregon,OR
41007,Clatsop,41,Oregon,OR
42043,Dauphin,42,Pennsylvania,PA
45049,Hampton,45,South Carolina,SC
45053,Jasper,45,South Carolina,SC
39095,Lucas,39,Ohio,OH
39011,Auglaize,39,Ohio,OH
41033,Josephine,41,Oregon,OR
41031,Jefferson,41,Oregon,OR
44005,Newport,44,Rhode Island,RI
41039,Lane,41,Oregon,OR
42103,Pike,42,Pennsylvania,PA
45009,Bamberg,45,South Carolina,SC
40125,Pottawatomie,40,Oklahoma,OK
40135,Sequoyah,40,Oklahoma,OK
40027,Cleveland,40,Oklahoma,OK
45067,Marion,45,South Carolina,SC
40113,Osage,40,Oklahoma,OK
45069,Marlboro,45,South Carolina,SC
48453,Travis,48,Texas,TX
48345,Motley,48,Texas,TX
48423,Smith,48,Texas,TX
48213,Henderson,48,Texas,TX
48157,Fort Bend,48,Texas,TX
48427,Starr,48,Texas,TX
48347,Nacogdoches,48,Texas,TX
48161,Freestone,48,Texas,TX
48141,El Paso,48,Texas,TX
48135,Ector,48,Texas,TX
48245,Jefferson,48,Texas,TX
48379,Rains,48,Texas,TX
48349,Navarro,48,Texas,TX
48351,Newton,48,Texas,TX
48071,Chambers,48,Texas,TX
48287,Lee,48,Texas,TX
48401,Rusk,48,Texas,TX
48089,Colorado,48,Texas,TX
48055,Caldwell,48,Texas,TX
48005,Angelina,48,Texas,TX
48035,Bosque,48,Texas,TX
48333,Mills,48,Texas,TX
48083,Coleman,48,Texas,TX
48409,San Patricio,48,Texas,TX
30035,Glacier,30,Montana,MT
30047,Lake,30,Montana,MT
30043,Jefferson,30,Montana,MT
30099,Teton,30,Montana,MT
29087,Holt,29,Missouri,MO
29171,Putnam,29,Missouri,MO
30071,Phillips,30,Montana,MT
30089,Sanders,30,Montana,MT
30105,Valley,30,Montana,MT
30057,Madison,30,Montana,MT
30007,Broadwater,30,Montana,MT
37119,Mecklenburg,37,North Carolina,NC
37183,Wake,37,North Carolina,NC
37163,Sampson,37,North Carolina,NC
13113,Fayette,13,Georgia,GA
37021,Buncombe,37,North Carolina,NC
37173,Swain,37,North Carolina,NC
37179,Union,37,North Carolina,NC
37147,Pitt,37,North Carolina,NC
37083,Halifax,37,North Carolina,NC
17189,Washington,17,Illinois,IL
17097,Lake,17,Illinois,IL
17197,Will,17,Illinois,IL
17031,Cook,17,Illinois,IL
17043,DuPage,17,Illinois,IL
37079,Greene,37,North Carolina,NC
37127,Nash,37,North Carolina,NC
37141,Pender,37,North Carolina,NC
37023,Burke,37,North Carolina,NC
37161,Rutherford,37,North Carolina,NC
37129,New Hanover,37,North Carolina,NC
37123,Montgomery,37,North Carolina,NC
37051,Cumberland,37,North Carolina,NC
13123,Gilmer,13,Georgia,GA
37087,Haywood,37,North Carolina,NC
37053,Currituck,37,North Carolina,NC
13157,Jackson,13,Georgia,GA
37037,Chatham,37,North Carolina,NC
37125,Moore,37,North Carolina,NC
13215,Muscogee,13,Georgia,GA
13311,White,13,Georgia,GA
37157,Rockingham,37,North Carolina,NC
37155,Robeson,37,North Carolina,NC
37121,Mitchell,37,North Carolina,NC
37199,Yancey,37,North Carolina,NC
37007,Anson,37,North Carolina,NC
37093,Hoke,37,North Carolina,NC
37117,Martin,37,North Carolina,NC
37153,Richmond,37,North Carolina,NC
48267,Kimble,48,Texas,TX
48321,Matagorda,48,Texas,TX
48063,Camp,48,Texas,TX
48449,Titus,48,Texas,TX
48037,Bowie,48,Texas,TX
48407,San Jacinto,48,Texas,TX
48043,Brewster,48,Texas,TX
48323,Maverick,48,Texas,TX
48455,Trinity,48,Texas,TX
26163,Wayne,26,Michigan,MI
26003,Alger,26,Michigan,MI
51600,Fairfax,51,Virginia,VA
21165,Menifee,21,Kentucky,KY
21055,Crittenden,21,Kentucky,KY
21131,Leslie,21,Kentucky,KY
21027,Breckinridge,21,Kentucky,KY
21153,Magoffin,21,Kentucky,KY
21175,Morgan,21,Kentucky,KY
21063,Elliott,21,Kentucky,KY
51091,Highland,51,Virginia,VA
51690,Martinsville,51,Virginia,VA
48443,Terrell,48,Texas,TX
48311,McMullen,48,Texas,TX
6073,San Diego,6,California,CA
6033,Lake,6,California,CA
6097,Sonoma,6,California,CA
6013,Contra Costa,6,California,CA
6023,Humboldt,6,California,CA
6045,Mendocino,6,California,CA
6047,Merced,6,California,CA
6009,Calaveras,6,California,CA
6039,Madera,6,California,CA
12117,Seminole,12,Florida,FL
35011,De Baca,35,New Mexico,NM
13265,Taliaferro,13,Georgia,GA
48261,Kenedy,48,Texas,TX
16033,Clark,16,Idaho,ID
20203,Wichita,20,Kansas,KS
20077,Harper,20,Kansas,KS
20093,Kearny,20,Kansas,KS
35033,Mora,35,New Mexico,NM
48383,Reagan,48,Texas,TX
21097,Harrison,21,Kentucky,KY
72113,Ponce,72,Puerto Rico,PR
72097,MayagÃ¼ez,72,Puerto Rico,PR
72037,Ceiba,72,Puerto Rico,PR
46123,Tripp,46,South Dakota,SD
72151,Yabucoa,72,Puerto Rico,PR
27163,Washington,27,Minnesota,MN
27027,Clay,27,Minnesota,MN
27075,Lake,27,Minnesota,MN
47119,Maury,47,Tennessee,TN
47121,Meigs,47,Tennessee,TN
47005,Benton,47,Tennessee,TN
47031,Coffee,47,Tennessee,TN
47183,Weakley,47,Tennessee,TN
47089,Jefferson,47,Tennessee,TN
47065,Hamilton,47,Tennessee,TN
6069,San Benito,6,California,CA
8023,Costilla,8,Colorado,CO
8071,Las Animas,8,Colorado,CO
11001,District of Columbia,11,District of Columbia,DC
8069,Larimer,8,Colorado,CO
8057,Jackson,8,Colorado,CO
8033,Dolores,8,Colorado,CO
8083,Montezuma,8,Colorado,CO
9009,New Haven,9,Connecticut,CT
9007,Middlesex,9,Connecticut,CT
1097,Mobile,1,Alabama,AL
1113,Russell,1,Alabama,AL
1049,DeKalb,1,Alabama,AL
8113,San Miguel,8,Colorado,CO
8013,Boulder,8,Colorado,CO
8037,Eagle,8,Colorado,CO
8109,Saguache,8,Colorado,CO
8111,San Juan,8,Colorado,CO
8027,Custer,8,Colorado,CO
6043,Mariposa,6,California,CA
18017,Cass,18,Indiana,IN
18177,Wayne,18,Indiana,IN
19021,Buena Vista,19,Iowa,IA
19111,Lee,19,Iowa,IA
18071,Jackson,18,Indiana,IN
18041,Fayette,18,Indiana,IN
19045,Clinton,19,Iowa,IA
18069,Huntington,18,Indiana,IN
19059,Dickinson,19,Iowa,IA
17047,Edwards,17,Illinois,IL
18009,Blackford,18,Indiana,IN
18125,Pike,18,Indiana,IN
26083,Keweenaw,26,Michigan,MI
26107,Mecosta,26,Michigan,MI
26115,Monroe,26,Michigan,MI
26097,Mackinac,26,Michigan,MI
26013,Baraga,26,Michigan,MI
26129,Ogemaw,26,Michigan,MI
48001,Anderson,48,Texas,TX
48185,Grimes,48,Texas,TX
48373,Polk,48,Texas,TX
48359,Oldham,48,Texas,TX
48053,Burnet,48,Texas,TX
48395,Robertson,48,Texas,TX
48199,Hardin,48,Texas,TX
51191,Washington,51,Virginia,VA
51139,Page,51,Virginia,VA
51073,Gloucester,51,Virginia,VA
51069,Frederick,51,Virginia,VA
51093,Isle of Wight,51,Virginia,VA
51095,James City,51,Virginia,VA
51067,Franklin,51,Virginia,VA
51003,Albemarle,51,Virginia,VA
51099,King George,51,Virginia,VA
51125,Nelson,51,Virginia,VA
51175,Southampton,51,Virginia,VA
51061,Fauquier,51,Virginia,VA
51005,Alleghany,51,Virginia,VA
51153,Prince William,51,Virginia,VA
51041,Chesterfield,51,Virginia,VA
51027,Buchanan,51,Virginia,VA
51149,Prince George,51,Virginia,VA
51089,Henry,51,Virginia,VA
51185,Tazewell,51,Virginia,VA
51131,Northampton,51,Virginia,VA
51141,Patrick,51,Virginia,VA
51145,Powhatan,51,Virginia,VA
51171,Shenandoah,51,Virginia,VA
51193,Westmoreland,51,Virginia,VA
51177,Spotsylvania,51,Virginia,VA
51033,Caroline,51,Virginia,VA
51023,Botetourt,51,Virginia,VA
51163,Rockbridge,51,Virginia,VA
31151,Saline,31,Nebraska,NE
31101,Keith,31,Nebraska,NE
12029,Dixie,12,Florida,FL
31135,Perkins,31,Nebraska,NE
5085,Lonoke,5,Arkansas,AR
5007,Benton,5,Arkansas,AR
5039,Dallas,5,Arkansas,AR
5045,Faulkner,5,Arkansas,AR
5095,Monroe,5,Arkansas,AR
5117,Prairie,5,Arkansas,AR
5099,Nevada,5,Arkansas,AR
5021,Clay,5,Arkansas,AR
5037,Cross,5,Arkansas,AR
5147,Woodruff,5,Arkansas,AR
5015,Carroll,5,Arkansas,AR
5019,Clark,5,Arkansas,AR
5133,Sevier,5,Arkansas,AR
5017,Chicot,5,Arkansas,AR
5109,Pike,5,Arkansas,AR
5061,Howard,5,Arkansas,AR
22079,Rapides,22,Louisiana,LA
22073,Ouachita,22,Louisiana,LA
22123,West Carroll,22,Louisiana,LA
22005,Ascension,22,Louisiana,LA
22045,Iberia,22,Louisiana,LA
22043,Grant,22,Louisiana,LA
22107,Tensas,22,Louisiana,LA
22101,St. Mary,22,Louisiana,LA
22025,Catahoula,22,Louisiana,LA
22081,Red River,22,Louisiana,LA
33017,Strafford,33,New Hampshire,NH
33015,Rockingham,33,New Hampshire,NH
33009,Grafton,33,New Hampshire,NH
34007,Camden,34,New Jersey,NJ
34031,Passaic,34,New Jersey,NJ
34011,Cumberland,34,New Jersey,NJ
34001,Atlantic,34,New Jersey,NJ
34021,Mercer,34,New Jersey,NJ
34035,Somerset,34,New Jersey,NJ
29189,St. Louis,29,Missouri,MO
29113,Lincoln,29,Missouri,MO
29023,Butler,29,Missouri,MO
29123,Madison,29,Missouri,MO
30001,Beaverhead,30,Montana,MT
30083,Richland,30,Montana,MT
30049,Lewis and Clark,30,Montana,MT
29037,Cass,29,Missouri,MO
29031,Cape Girardeau,29,Missouri,MO
29159,Pettis,29,Missouri,MO
25017,Middlesex,25,Massachusetts,MA
36013,Chautauqua,36,New York,NY
36009,Cattaraugus,36,New York,NY
36115,Washington,36,New York,NY
2122,Kenai Peninsula,2,Alaska,AK
36071,Orange,36,New York,NY
2180,Nome,2,Alaska,AK
2170,Matanuska-Susitna,2,Alaska,AK
37055,Dare,37,North Carolina,NC
21135,Lewis,21,Kentucky,KY
37029,Camden,37,North Carolina,NC
21095,Harlan,21,Kentucky,KY
21229,Washington,21,Kentucky,KY
37149,Polk,37,North Carolina,NC
21195,Pike,21,Kentucky,KY
21011,Bath,21,Kentucky,KY
4001,Apache,4,Arizona,AZ
21071,Floyd,21,Kentucky,KY
21181,Nicholas,21,Kentucky,KY
21235,Whitley,21,Kentucky,KY
21121,Knox,21,Kentucky,KY
21109,Jackson,21,Kentucky,KY
21031,Butler,21,Kentucky,KY
30051,Liberty,30,Montana,MT
30023,Deer Lodge,30,Montana,MT
17125,Mason,17,Illinois,IL
24027,Howard,24,Maryland,MD
24033,Prince George's,24,Maryland,MD
24017,Charles,24,Maryland,MD
25025,Suffolk,25,Massachusetts,MA
25001,Barnstable,25,Massachusetts,MA
25027,Worcester,25,Massachusetts,MA
25011,Franklin,25,Massachusetts,MA
24037,St. Mary's,24,Maryland,MD
24041,Talbot,24,Maryland,MD
24023,Garrett,24,Maryland,MD
24019,Dorchester,24,Maryland,MD
25013,Hampden,25,Massachusetts,MA
25015,Hampshire,25,Massachusetts,MA
39043,Erie,39,Ohio,OH
39051,Fulton,39,Ohio,OH
28029,Copiah,28,Mississippi,MS
28149,Warren,28,Mississippi,MS
28051,Holmes,28,Mississippi,MS
28011,Bolivar,28,Mississippi,MS
28157,Wilkinson,28,Mississippi,MS
28001,Adams,28,Mississippi,MS
28163,Yazoo,28,Mississippi,MS
28121,Rankin,28,Mississippi,MS
28103,Noxubee,28,Mississippi,MS
28143,Tunica,28,Mississippi,MS
36051,Livingston,36,New York,NY
36067,Onondaga,36,New York,NY
36113,Warren,36,New York,NY
36065,Oneida,36,New York,NY
47147,Robertson,47,Tennessee,TN
47117,Marshall,47,Tennessee,TN
47141,Putnam,47,Tennessee,TN
48501,Yoakum,48,Texas,TX
49047,Uintah,49,Utah,UT
47187,Williamson,47,Tennessee,TN
47129,Morgan,47,Tennessee,TN
47035,Cumberland,47,Tennessee,TN
47059,Greene,47,Tennessee,TN
1115,St. Clair,1,Alabama,AL
1087,Macon,1,Alabama,AL
1095,Marshall,1,Alabama,AL
1023,Choctaw,1,Alabama,AL
1085,Lowndes,1,Alabama,AL
32021,Mineral,32,Nevada,NV
35007,Colfax,35,New Mexico,NM
1107,Pickens,1,Alabama,AL
35015,Eddy,35,New Mexico,NM
36059,Nassau,36,New York,NY
47009,Blount,47,Tennessee,TN
47165,Sumner,47,Tennessee,TN
47127,Moore,47,Tennessee,TN
47189,Wilson,47,Tennessee,TN
47037,Davidson,47,Tennessee,TN
48413,Schleicher,48,Texas,TX
47163,Sullivan,47,Tennessee,TN
18147,Spencer,18,Indiana,IN
23031,York,23,Maine,ME
23007,Franklin,23,Maine,ME
23021,Piscataquis,23,Maine,ME
4005,Coconino,4,Arizona,AZ
4013,Maricopa,4,Arizona,AZ
4007,Gila,4,Arizona,AZ
4012,La Paz,4,Arizona,AZ
4021,Pinal,4,Arizona,AZ
72015,Arroyo,72,Puerto Rico,PR
53031,Jefferson,53,Washington,WA
21127,Lawrence,21,Kentucky,KY
72039,Ciales,72,Puerto Rico,PR
27053,Hennepin,27,Minnesota,MN
27121,Pope,27,Minnesota,MN
27021,Cass,27,Minnesota,MN
27129,Renville,27,Minnesota,MN
27031,Cook,27,Minnesota,MN
27107,Norman,27,Minnesota,MN
27083,Lyon,27,Minnesota,MN
27171,Wright,27,Minnesota,MN
27089,Marshall,27,Minnesota,MN
27069,Kittson,27,Minnesota,MN
27167,Wilkin,27,Minnesota,MN
30069,Petroleum,30,Montana,MT
46043,Douglas,46,South Dakota,SD
48435,Sutton,48,Texas,TX
48433,Stonewall,48,Texas,TX
21017,Bourbon,21,Kentucky,KY
21043,Carter,21,Kentucky,KY
21033,Caldwell,21,Kentucky,KY
46137,Ziebach,46,South Dakota,SD
6071,San Bernardino,6,California,CA
5091,Miller,5,Arkansas,AR
6113,Yolo,6,California,CA
12055,Highlands,12,Florida,FL
12077,Liberty,12,Florida,FL
42111,Somerset,42,Pennsylvania,PA
44007,Providence,44,Rhode Island,RI
45007,Anderson,45,South Carolina,SC
45025,Chesterfield,45,South Carolina,SC
42097,Northumberland,42,Pennsylvania,PA
45017,Calhoun,45,South Carolina,SC
48201,Harris,48,Texas,TX
48399,Runnels,48,Texas,TX
48057,Calhoun,48,Texas,TX
48469,Victoria,48,Texas,TX
51133,Northumberland,51,Virginia,VA
51051,Dickenson,51,Virginia,VA
49037,San Juan,49,Utah,UT
49015,Emery,49,Utah,UT
49017,Garfield,49,Utah,UT
53033,King,53,Washington,WA
53073,Whatcom,53,Washington,WA
53077,Yakima,53,Washington,WA
53037,Kittitas,53,Washington,WA
53041,Lewis,53,Washington,WA
53049,Pacific,53,Washington,WA
54075,Pocahontas,54,West Virginia,WV
54109,Wyoming,54,West Virginia,WV
54081,Raleigh,54,West Virginia,WV
54067,Nicholas,54,West Virginia,WV
54031,Hardy,54,West Virginia,WV
55003,Ashland,55,Wisconsin,WI
53065,Stevens,53,Washington,WA
53007,Chelan,53,Washington,WA
54087,Roane,54,West Virginia,WV
54059,Mingo,54,West Virginia,WV
54037,Jefferson,54,West Virginia,WV
55037,Florence,55,Wisconsin,WI
53071,Walla Walla,53,Washington,WA
54025,Greenbrier,54,West Virginia,WV
54093,Tucker,54,West Virginia,WV
13019,Berrien,13,Georgia,GA
13291,Union,13,Georgia,GA
13171,Lamar,13,Georgia,GA
16035,Clearwater,16,Idaho,ID
16085,Valley,16,Idaho,ID
16061,Lewis,16,Idaho,ID
13263,Talbot,13,Georgia,GA
16025,Camas,16,Idaho,ID
16043,Fremont,16,Idaho,ID
16003,Adams,16,Idaho,ID
35051,Sierra,35,New Mexico,NM
35017,Grant,35,New Mexico,NM
48507,Zavala,48,Texas,TX
48411,San Saba,48,Texas,TX
41023,Grant,41,Oregon,OR
1063,Greene,1,Alabama,AL
2290,Yukon-Koyukuk,2,Alaska,AK
40023,Choctaw,40,Oklahoma,OK
2130,Ketchikan Gateway,2,Alaska,AK
18123,Perry,18,Indiana,IN
55029,Door,55,Wisconsin,WI
55023,Crawford,55,Wisconsin,WI
56029,Park,56,Wyoming,WY
55001,Adams,55,Wisconsin,WI
55007,Bayfield,55,Wisconsin,WI
55051,Iron,55,Wisconsin,WI
40067,Jefferson,40,Oklahoma,OK
40075,Kiowa,40,Oklahoma,OK
54065,Morgan,54,West Virginia,WV
54021,Gilmer,54,West Virginia,WV
20069,Gray,20,Kansas,KS
54063,Monroe,54,West Virginia,WV
20161,Riley,20,Kansas,KS
54023,Grant,54,West Virginia,WV
20175,Seward,20,Kansas,KS
46127,Union,46,South Dakota,SD
49035,Salt Lake,49,Utah,UT
49045,Tooele,49,Utah,UT
49049,Utah,49,Utah,UT
49005,Cache,49,Utah,UT
49057,Weber,49,Utah,UT
49003,Box Elder,49,Utah,UT
50027,Windsor,50,Vermont,VT
49029,Morgan,49,Utah,UT
20101,Lane,20,Kansas,KS
1065,Hale,1,Alabama,AL
21007,Ballard,21,Kentucky,KY
21003,Allen,21,Kentucky,KY
48051,Burleson,48,Texas,TX
72127,San Juan,72,Puerto Rico,PR
28113,Pike,28,Mississippi,MS
28007,Attala,28,Mississippi,MS
48301,Loving,48,Texas,TX
72147,Vieques,72,Puerto Rico,PR
72031,Carolina,72,Puerto Rico,PR
72023,Cabo Rojo,72,Puerto Rico,PR
19009,Audubon,19,Iowa,IA
19063,Emmet,19,Iowa,IA
13001,Appling,13,Georgia,GA
36081,Queens,36,New York,NY
42067,Juniata,42,Pennsylvania,PA
42055,Franklin,42,Pennsylvania,PA
40079,Le Flore,40,Oklahoma,OK
41019,Douglas,41,Oregon,OR
41045,Malheur,41,Oregon,OR
41043,Linn,41,Oregon,OR
42023,Cameron,42,Pennsylvania,PA
13303,Washington,13,Georgia,GA
15009,Maui,15,Hawaii,HI
16031,Cassia,16,Idaho,ID
16015,Boise,16,Idaho,ID
16039,Elmore,16,Idaho,ID
13027,Brooks,13,Georgia,GA
13305,Wayne,13,Georgia,GA
16005,Bannock,16,Idaho,ID
13133,Greene,13,Georgia,GA
13251,Screven,13,Georgia,GA
13163,Jefferson,13,Georgia,GA
1055,Etowah,1,Alabama,AL
1009,Blount,1,Alabama,AL
1047,Dallas,1,Alabama,AL
1131,Wilcox,1,Alabama,AL
1089,Madison,1,Alabama,AL
38055,McLean,38,North Dakota,ND
38105,Williams,38,North Dakota,ND
38085,Sioux,38,North Dakota,ND
16073,Owyhee,16,Idaho,ID
47033,Crockett,47,Tennessee,TN
47151,Scott,47,Tennessee,TN
48283,La Salle,48,Texas,TX
72053,Fajardo,72,Puerto Rico,PR
27073,Lac qui Parle,27,Minnesota,MN
27051,Grant,27,Minnesota,MN
40065,Jackson,40,Oklahoma,OK
46117,Stanley,46,South Dakota,SD
48327,Menard,48,Texas,TX
21139,Livingston,21,Kentucky,KY
42027,Centre,42,Pennsylvania,PA
48175,Goliad,48,Texas,TX
37065,Edgecombe,37,North Carolina,NC
37069,Franklin,37,North Carolina,NC
22011,Beauregard,22,Louisiana,LA
22035,East Carroll,22,Louisiana,LA
48467,Van Zandt,48,Texas,TX
51179,Stafford,51,Virginia,VA
51085,Hanover,51,Virginia,VA
51015,Augusta,51,Virginia,VA
53029,Island,53,Washington,WA
51081,Greensville,51,Virginia,VA
51037,Charlotte,51,Virginia,VA
5057,Hempstead,5,Arkansas,AR
5029,Conway,5,Arkansas,AR
22117,Washington,22,Louisiana,LA
22113,Vermilion,22,Louisiana,LA
22021,Caldwell,22,Louisiana,LA
22109,Terrebonne,22,Louisiana,LA
34027,Morris,34,New Jersey,NJ
29095,Jackson,29,Missouri,MO
30005,Blaine,30,Montana,MT
37075,Graham,37,North Carolina,NC
13195,Madison,13,Georgia,GA
13013,Barrow,13,Georgia,GA
13153,Houston,13,Georgia,GA
13205,Mitchell,13,Georgia,GA
37047,Columbus,37,North Carolina,NC
37015,Bertie,37,North Carolina,NC
48279,Lamb,48,Texas,TX
48391,Refugio,48,Texas,TX
26147,St. Clair,26,Michigan,MI
26099,Macomb,26,Michigan,MI
26109,Menominee,26,Michigan,MI
8043,Fremont,8,Colorado,CO
28109,Pearl River,28,Mississippi,MS
28055,Issaquena,28,Mississippi,MS
36053,Madison,36,New York,NY
47073,Hawkins,47,Tennessee,TN
47053,Gibson,47,Tennessee,TN
47063,Hamblen,47,Tennessee,TN
8117,Summit,8,Colorado,CO
6005,Amador,6,California,CA
32015,Lander,32,Nevada,NV
32001,Churchill,32,Nevada,NV
38067,Pembina,38,North Dakota,ND
38077,Richland,38,North Dakota,ND
38071,Ramsey,38,North Dakota,ND
38059,Morton,38,North Dakota,ND
38037,Grant,38,North Dakota,ND
38103,Wells,38,North Dakota,ND
53019,Ferry,53,Washington,WA
20143,Ottawa,20,Kansas,KS
16049,Idaho,16,Idaho,ID
30033,Garfield,30,Montana,MT
16013,Blaine,16,Idaho,ID
32011,Eureka,32,Nevada,NV
48075,Childress,48,Texas,TX
48173,Glasscock,48,Texas,TX
13025,Brantley,13,Georgia,GA
20171,Scott,20,Kansas,KS
20067,Grant,20,Kansas,KS
21101,Henderson,21,Kentucky,KY
47079,Henry,47,Tennessee,TN
35039,Rio Arriba,35,New Mexico,NM
49013,Duchesne,49,Utah,UT
21159,Martin,21,Kentucky,KY
13009,Baldwin,13,Georgia,GA
27119,Polk,27,Minnesota,MN
38053,McKenzie,38,North Dakota,ND
20149,Pottawatomie,20,Kansas,KS
6065,Riverside,6,California,CA
12105,Polk,12,Florida,FL
45079,Richland,45,South Carolina,SC
42059,Greene,42,Pennsylvania,PA
48041,Brazos,48,Texas,TX
51143,Pittsylvania,51,Virginia,VA
51119,Middlesex,51,Virginia,VA
51159,Richmond,51,Virginia,VA
5131,Sebastian,5,Arkansas,AR
22017,Caddo,22,Louisiana,LA
30077,Powell,30,Montana,MT
30003,Big Horn,30,Montana,MT
37133,Onslow,37,North Carolina,NC
13021,Bibb,13,Georgia,GA
13217,Newton,13,Georgia,GA
13213,Murray,13,Georgia,GA
26063,Huron,26,Michigan,MI
8019,Clear Creek,8,Colorado,CO
1051,Elmore,1,Alabama,AL
36105,Sullivan,36,New York,NY
2090,Fairbanks North Star,2,Alaska,AK
29069,Dunklin,29,Missouri,MO
47055,Giles,47,Tennessee,TN
47021,Cheatham,47,Tennessee,TN
23015,Lincoln,23,Maine,ME
54095,Tyler,54,West Virginia,WV
56041,Uinta,56,Wyoming,WY
48023,Baylor,48,Texas,TX
27013,Blue Earth,27,Minnesota,MN
6087,Santa Cruz,6,California,CA
12121,Suwannee,12,Florida,FL
42031,Clarion,42,Pennsylvania,PA
42129,Westmoreland,42,Pennsylvania,PA
40101,Muskogee,40,Oklahoma,OK
48475,Ward,48,Texas,TX
13151,Henry,13,Georgia,GA
17185,Wabash,17,Illinois,IL
13185,Lowndes,13,Georgia,GA
37085,Harnett,37,North Carolina,NC
48481,Wharton,48,Texas,TX
51059,Fairfax,51,Virginia,VA
51029,Buckingham,51,Virginia,VA
5073,Lafayette,5,Arkansas,AR
22115,Vernon,22,Louisiana,LA
12037,Franklin,12,Florida,FL
21085,Grayson,21,Kentucky,KY
24001,Allegany,24,Maryland,MD
8053,Hinsdale,8,Colorado,CO
18131,Pulaski,18,Indiana,IN
37103,Jones,37,North Carolina,NC
13181,Lincoln,13,Georgia,GA
1069,Houston,1,Alabama,AL
54019,Fayette,54,West Virginia,WV
2185,North Slope,2,Alaska,AK
6041,Marin,6,California,CA
6015,Del Norte,6,California,CA
6101,Sutter,6,California,CA
6017,El Dorado,6,California,CA
12009,Brevard,12,Florida,FL
12045,Gulf,12,Florida,FL
12007,Bradford,12,Florida,FL
45071,Newberry,45,South Carolina,SC
45091,York,45,South Carolina,SC
39069,Henry,39,Ohio,OH
45005,Allendale,45,South Carolina,SC
48387,Red River,48,Texas,TX
48477,Washington,48,Texas,TX
51199,York,51,Virginia,VA
51147,Prince Edward,51,Virginia,VA
51057,Essex,51,Virginia,VA
51097,King and Queen,51,Virginia,VA
51157,Rappahannock,51,Virginia,VA
5025,Cleveland,5,Arkansas,AR
5139,Union,5,Arkansas,AR
22127,Winn,22,Louisiana,LA
22071,Orleans,22,Louisiana,LA
22083,Richland,22,Louisiana,LA
22119,Webster,22,Louisiana,LA
22037,East Feliciana,22,Louisiana,LA
22091,St. Helena,22,Louisiana,LA
34023,Middlesex,34,New Jersey,NJ
29183,St. Charles,29,Missouri,MO
29201,Scott,29,Missouri,MO
30027,Fergus,30,Montana,MT
30085,Roosevelt,30,Montana,MT
13313,Whitfield,13,Georgia,GA
37057,Davidson,37,North Carolina,NC
37091,Hertford,37,North Carolina,NC
37019,Brunswick,37,North Carolina,NC
37031,Carteret,37,North Carolina,NC
37043,Clay,37,North Carolina,NC
17035,Cumberland,17,Illinois,IL
48457,Tyler,48,Texas,TX
48315,Marion,48,Texas,TX
26007,Alpena,26,Michigan,MI
26055,Grand Traverse,26,Michigan,MI
26047,Emmet,26,Michigan,MI
26053,Gogebic,26,Michigan,MI
6091,Sierra,6,California,CA
9011,New London,9,Connecticut,CT
1129,Washington,1,Alabama,AL
8031,Denver,8,Colorado,CO
19163,Scott,19,Iowa,IA
19127,Marshall,19,Iowa,IA
41047,Marion,41,Oregon,OR
41065,Wasco,41,Oregon,OR
40141,Tillman,40,Oklahoma,OK
13183,Long,13,Georgia,GA
1119,Sumter,1,Alabama,AL
1109,Pike,1,Alabama,AL
1025,Clarke,1,Alabama,AL
36047,Kings,36,New York,NY
2240,Southeast Fairbanks,2,Alaska,AK
2110,Juneau,2,Alaska,AK
21125,Laurel,21,Kentucky,KY
2070,Dillingham,2,Alaska,AK
24045,Wicomico,24,Maryland,MD
24043,Washington,24,Maryland,MD
28021,Claiborne,28,Mississippi,MS
28049,Hinds,28,Mississippi,MS
47057,Grainger,47,Tennessee,TN
47025,Claiborne,47,Tennessee,TN
48211,Hemphill,48,Texas,TX
49033,Rich,49,Utah,UT
48495,Winkler,48,Texas,TX
18061,Harrison,18,Indiana,IN
23023,Sagadahoc,23,Maine,ME
50017,Orange,50,Vermont,VT
53053,Pierce,53,Washington,WA
53045,Mason,53,Washington,WA
54047,McDowell,54,West Virginia,WV
53057,Skagit,53,Washington,WA
16007,Bear Lake,16,Idaho,ID
27137,St. Louis,27,Minnesota,MN
2282,Yakutat,2,Alaska,AK
56035,Sublette,56,Wyoming,WY
55011,Buffalo,55,Wisconsin,WI
56033,Sheridan,56,Wyoming,WY
54057,Mineral,54,West Virginia,WV
53061,Snohomish,53,Washington,WA
54083,Randolph,54,West Virginia,WV
54003,Berkeley,54,West Virginia,WV
54041,Lewis,54,West Virginia,WV
13031,Bulloch,13,Georgia,GA
13245,Richmond,13,Georgia,GA
16079,Shoshone,16,Idaho,ID
13141,Hancock,13,Georgia,GA
13191,McIntosh,13,Georgia,GA
38035,Grand Forks,38,North Dakota,ND
20085,Jackson,20,Kansas,KS
30073,Pondera,30,Montana,MT
13049,Charlton,13,Georgia,GA
20145,Pawnee,20,Kansas,KS
37101,Johnston,37,North Carolina,NC
17129,Menard,17,Illinois,IL
21079,Garrard,21,Kentucky,KY
13079,Crawford,13,Georgia,GA
45003,Aiken,45,South Carolina,SC
6089,Shasta,6,California,CA
6077,San Joaquin,6,California,CA
42051,Fayette,42,Pennsylvania,PA
45073,Oconee,45,South Carolina,SC
48139,Ellis,48,Texas,TX
48389,Reeves,48,Texas,TX
29205,Shelby,29,Missouri,MO
36077,Otsego,36,New York,NY
47135,Perry,47,Tennessee,TN
49023,Juab,49,Utah,UT
23017,Oxford,23,Maine,ME
41021,Gilliam,41,Oregon,OR
53047,Okanogan,53,Washington,WA
54071,Pendleton,54,West Virginia,WV
53017,Douglas,53,Washington,WA
53043,Lincoln,53,Washington,WA
13283,Treutlen,13,Georgia,GA
2275,Wrangell,2,Alaska,AK
55057,Juneau,55,Wisconsin,WI
56003,Big Horn,56,Wyoming,WY
56039,Teton,56,Wyoming,WY
16087,Washington,16,Idaho,ID
13083,Dade,13,Georgia,GA
72141,Utuado,72,Puerto Rico,PR
21089,Greenup,21,Kentucky,KY
27131,Rice,27,Minnesota,MN
27145,Stearns,27,Minnesota,MN
27139,Scott,27,Minnesota,MN
21155,Marion,21,Kentucky,KY
21065,Estill,21,Kentucky,KY
21197,Powell,21,Kentucky,KY
48103,Crane,48,Texas,TX
48155,Foard,48,Texas,TX
6085,Santa Clara,6,California,CA
6011,Colusa,6,California,CA
12095,Orange,12,Florida,FL
12131,Walton,12,Florida,FL
12129,Wakulla,12,Florida,FL
45077,Pickens,45,South Carolina,SC
45041,Florence,45,South Carolina,SC
45035,Dorchester,45,South Carolina,SC
45089,Williamsburg,45,South Carolina,SC
48491,Williamson,48,Texas,TX
48225,Houston,48,Texas,TX
48215,Hidalgo,48,Texas,TX
48091,Comal,48,Texas,TX
30015,Chouteau,30,Montana,MT
37099,Jackson,37,North Carolina,NC
13139,Hall,13,Georgia,GA
13107,Emanuel,13,Georgia,GA
37013,Beaufort,37,North Carolina,NC
13179,Liberty,13,Georgia,GA
37137,Pamlico,37,North Carolina,NC
48007,Aransas,48,Texas,TX
48119,Delta,48,Texas,TX
48473,Waller,48,Texas,TX
26137,Otsego,26,Michigan,MI
51019,Bedford,51,Virginia,VA
51121,Montgomery,51,Virginia,VA
51107,Loudoun,51,Virginia,VA
51109,Louisa,51,Virginia,VA
31077,Greeley,31,Nebraska,NE
10005,Sussex,10,Delaware,DE
22059,LaSalle,22,Louisiana,LA
22009,Avoyelles,22,Louisiana,LA
22067,Morehouse,22,Louisiana,LA
34015,Gloucester,34,New Jersey,NJ
34041,Warren,34,New Jersey,NJ
29027,Callaway,29,Missouri,MO
30081,Ravalli,30,Montana,MT
36063,Niagara,36,New York,NY
21179,Nelson,21,Kentucky,KY
21029,Bullitt,21,Kentucky,KY
21167,Mercer,21,Kentucky,KY
2100,Haines,2,Alaska,AK
24031,Montgomery,24,Maryland,MD
25021,Norfolk,25,Massachusetts,MA
25005,Bristol,25,Massachusetts,MA
1101,Montgomery,1,Alabama,AL
25009,Essex,25,Massachusetts,MA
36045,Jefferson,36,New York,NY
2198,Prince of Wales-Hyder,2,Alaska,AK
4027,Yuma,4,Arizona,AZ
46023,Charles Mix,46,South Dakota,SD
27103,Nicollet,27,Minnesota,MN
27113,Pennington,27,Minnesota,MN
46055,Haakon,46,South Dakota,SD
48167,Galveston,48,Texas,TX
54045,Logan,54,West Virginia,WV
54001,Barbour,54,West Virginia,WV
16023,Butte,16,Idaho,ID
35019,Guadalupe,35,New Mexico,NM
41001,Baker,41,Oregon,OR
54073,Pleasants,54,West Virginia,WV
38017,Cass,38,North Dakota,ND
48417,Shackelford,48,Texas,TX
20163,Rooks,20,Kansas,KS
21237,Wolfe,21,Kentucky,KY
30039,Granite,30,Montana,MT
42089,Monroe,42,Pennsylvania,PA
51047,Culpeper,51,Virginia,VA
22001,Acadia,22,Louisiana,LA
30063,Missoula,30,Montana,MT
48329,Midland,48,Texas,TX
48471,Walker,48,Texas,TX
51087,Henrico,51,Virginia,VA
51155,Pulaski,51,Virginia,VA
51101,King William,51,Virginia,VA
5069,Jefferson,5,Arkansas,AR
5011,Bradley,5,Arkansas,AR
22033,East Baton Rouge,22,Louisiana,LA
22031,De Soto,22,Louisiana,LA
34003,Bergen,34,New Jersey,NJ
30013,Cascade,30,Montana,MT
8051,Gunnison,8,Colorado,CO
18067,Howard,18,Indiana,IN
19025,Calhoun,19,Iowa,IA
37059,Davie,37,North Carolina,NC
42113,Sullivan,42,Pennsylvania,PA
13229,Pierce,13,Georgia,GA
1099,Monroe,1,Alabama,AL
24025,Harford,24,Maryland,MD
36075,Oswego,36,New York,NY
21217,Taylor,21,Kentucky,KY
21183,Ohio,21,Kentucky,KY
27077,Lake of the Woods,27,Minnesota,MN
24011,Caroline,24,Maryland,MD
19029,Cass,19,Iowa,IA
19123,Mahaska,19,Iowa,IA
40095,Marshall,40,Oklahoma,OK
13075,Cook,13,Georgia,GA
13267,Tattnall,13,Georgia,GA
1033,Colbert,1,Alabama,AL
32031,Washoe,32,Nevada,NV
1035,Conecuh,1,Alabama,AL
36061,New York,36,New York,NY
47105,Loudon,47,Tennessee,TN
18027,Daviess,18,Indiana,IN
23025,Somerset,23,Maine,ME
49011,Davis,49,Utah,UT
50009,Essex,50,Vermont,VT
21231,Wayne,21,Kentucky,KY
46009,Bon Homme,46,South Dakota,SD
27061,Itasca,27,Minnesota,MN
27117,Pipestone,27,Minnesota,MN
12053,Hernando,12,Florida,FL
48073,Cherokee,48,Texas,TX
51009,Amherst,51,Virginia,VA
49001,Beaver,49,Utah,UT
39025,Clermont,39,Ohio,OH
41029,Jackson,41,Oregon,OR
42009,Bedford,42,Pennsylvania,PA
45023,Chester,45,South Carolina,SC
30017,Custer,30,Montana,MT
13039,Camden,13,Georgia,GA
8091,Ouray,8,Colorado,CO
42061,Huntingdon,42,Pennsylvania,PA
21119,Knott,21,Kentucky,KY
17017,Cass,17,Illinois,IL
54013,Calhoun,54,West Virginia,WV
46103,Pennington,46,South Dakota,SD
6059,Orange,6,California,CA
6049,Modoc,6,California,CA
6099,Stanislaus,6,California,CA
6021,Glenn,6,California,CA
6081,San Mateo,6,California,CA
6079,San Luis Obispo,6,California,CA
6029,Kern,6,California,CA
17139,Moultrie,17,Illinois,IL
37113,Macon,37,North Carolina,NC
37009,Ashe,37,North Carolina,NC
26029,Charlevoix,26,Michigan,MI
6057,Nevada,6,California,CA
18139,Rush,18,Indiana,IN
36029,Erie,36,New York,NY
41035,Klamath,41,Oregon,OR
15001,Hawaii,15,Hawaii,HI
1043,Cullman,1,Alabama,AL
2105,Hoonah-Angoon,2,Alaska,AK
21177,Muhlenberg,21,Kentucky,KY
17153,Pulaski,17,Illinois,IL
25023,Plymouth,25,Massachusetts,MA
28089,Madison,28,Mississippi,MS
4015,Mohave,4,Arizona,AZ
53025,Grant,53,Washington,WA
54017,Doddridge,54,West Virginia,WV
54005,Boone,54,West Virginia,WV
35061,Valencia,35,New Mexico,NM
56013,Fremont,56,Wyoming,WY
40089,McCurtain,40,Oklahoma,OK
30059,Meagher,30,Montana,MT
20123,Mitchell,20,Kansas,KS
28151,Washington,28,Mississippi,MS
27097,Morrison,27,Minnesota,MN
27173,Yellow Medicine,27,Minnesota,MN
46093,Meade,46,South Dakota,SD
51113,Madison,51,Virginia,VA
21025,Breathitt,21,Kentucky,KY
5041,Desha,5,Arkansas,AR
12097,Osceola,12,Florida,FL
12065,Jefferson,12,Florida,FL
42091,Montgomery,42,Pennsylvania,PA
45063,Lexington,45,South Carolina,SC
42033,Clearfield,42,Pennsylvania,PA
48039,Brazoria,48,Texas,TX
48499,Wood,48,Texas,TX
48289,Leon,48,Texas,TX
48317,Martin,48,Texas,TX
37049,Craven,37,North Carolina,NC
13077,Coweta,13,Georgia,GA
17041,Douglas,17,Illinois,IL
37177,Tyrrell,37,North Carolina,NC
48069,Castro,48,Texas,TX
48343,Morris,48,Texas,TX
48465,Val Verde,48,Texas,TX
48377,Presidio,48,Texas,TX
51137,Orange,51,Virginia,VA
51001,Accomack,51,Virginia,VA
51161,Roanoke,51,Virginia,VA
5063,Independence,5,Arkansas,AR
5013,Calhoun,5,Arkansas,AR
34005,Burlington,34,New Jersey,NJ
30009,Carbon,30,Montana,MT
36003,Allegany,36,New York,NY
24015,Cecil,24,Maryland,MD
24009,Calvert,24,Maryland,MD
47173,Union,47,Tennessee,TN
47145,Roane,47,Tennessee,TN
47045,Dyer,47,Tennessee,TN
9001,Fairfield,9,Connecticut,CT
8035,Douglas,8,Colorado,CO
8097,Pitkin,8,Colorado,CO
8093,Park,8,Colorado,CO
18007,Benton,18,Indiana,IN
13219,Oconee,13,Georgia,GA
13315,Wilcox,13,Georgia,GA
1117,Shelby,1,Alabama,AL
45051,Horry,45,South Carolina,SC
45085,Sumter,45,South Carolina,SC
45057,Lancaster,45,South Carolina,SC
39151,Stark,39,Ohio,OH
39129,Pickaway,39,Ohio,OH
39133,Portage,39,Ohio,OH
45029,Colleton,45,South Carolina,SC
39127,Perry,39,Ohio,OH
39003,Allen,39,Ohio,OH
39019,Carroll,39,Ohio,OH
12111,St. Lucie,12,Florida,FL
12027,DeSoto,12,Florida,FL
12085,Martin,12,Florida,FL
12005,Bay,12,Florida,FL
12021,Collier,12,Florida,FL
42123,Warren,42,Pennsylvania,PA
40111,Okmulgee,40,Oklahoma,OK
40071,Kay,40,Oklahoma,OK
40049,Garvin,40,Oklahoma,OK
39139,Richland,39,Ohio,OH
40051,Grady,40,Oklahoma,OK
45039,Fairfield,45,South Carolina,SC
6035,Lassen,6,California,CA
12001,Alachua,12,Florida,FL
12039,Gadsden,12,Florida,FL
12019,Clay,12,Florida,FL
45037,Edgefield,45,South Carolina,SC
39165,Warren,39,Ohio,OH
39161,Van Wert,39,Ohio,OH
48151,Fisher,48,Texas,TX
48095,Concho,48,Texas,TX
48191,Hall,48,Texas,TX
48021,Bastrop,48,Texas,TX
48299,Llano,48,Texas,TX
48145,Falls,48,Texas,TX
48149,Fayette,48,Texas,TX
48013,Atascosa,48,Texas,TX
39099,Mahoning,39,Ohio,OH
42105,Potter,42,Pennsylvania,PA
48113,Dallas,48,Texas,TX
42049,Erie,42,Pennsylvania,PA
39169,Wayne,39,Ohio,OH
41067,Washington,41,Oregon,OR
42121,Venango,42,Pennsylvania,PA
39097,Madison,39,Ohio,OH
42119,Union,42,Pennsylvania,PA
39135,Preble,39,Ohio,OH
48335,Mitchell,48,Texas,TX
48503,Young,48,Texas,TX
48111,Dallam,48,Texas,TX
48221,Hood,48,Texas,TX
48027,Bell,48,Texas,TX
48065,Carson,48,Texas,TX
48179,Gray,48,Texas,TX
48337,Montague,48,Texas,TX
48183,Gregg,48,Texas,TX
48193,Hamilton,48,Texas,TX
48115,Dawson,48,Texas,TX
48147,Fannin,48,Texas,TX
48085,Collin,48,Texas,TX
48257,Kaufman,48,Texas,TX
48253,Jones,48,Texas,TX
48291,Liberty,48,Texas,TX
51043,Clarke,51,Virginia,VA
51820,Waynesboro,51,Virginia,VA
51183,Sussex,51,Virginia,VA
51079,Greene,51,Virginia,VA
51740,Portsmouth,51,Virginia,VA
51520,Bristol,51,Virginia,VA
51660,Harrisonburg,51,Virginia,VA
48177,Gonzales,48,Texas,TX
48143,Erath,48,Texas,TX
48247,Jim Hogg,48,Texas,TX
48451,Tom Green,48,Texas,TX
48019,Bandera,48,Texas,TX
51510,Alexandria,51,Virginia,VA
51650,Hampton,51,Virginia,VA
31051,Dixon,31,Nebraska,NE
31035,Clay,31,Nebraska,NE
12133,Washington,12,Florida,FL
12003,Baker,12,Florida,FL
31113,Logan,31,Nebraska,NE
5083,Logan,5,Arkansas,AR
51021,Bland,51,Virginia,VA
51730,Petersburg,51,Virginia,VA
51610,Falls Church,51,Virginia,VA
51197,Wythe,51,Virginia,VA
51680,Lynchburg,51,Virginia,VA
51710,Norfolk,51,Virginia,VA
51700,Newport News,51,Virginia,VA
51540,Charlottesville,51,Virginia,VA
51013,Arlington,51,Virginia,VA
51550,Chesapeake,51,Virginia,VA
51670,Hopewell,51,Virginia,VA
31099,Kearney,31,Nebraska,NE
31141,Platte,31,Nebraska,NE
31003,Antelope,31,Nebraska,NE
31033,Cheyenne,31,Nebraska,NE
31069,Garden,31,Nebraska,NE
31109,Lancaster,31,Nebraska,NE
31167,Stanton,31,Nebraska,NE
31061,Franklin,31,Nebraska,NE
31127,Nemaha,31,Nebraska,NE
31137,Phelps,31,Nebraska,NE
31079,Hall,31,Nebraska,NE
31153,Sarpy,31,Nebraska,NE
31111,Lincoln,31,Nebraska,NE
33019,Sullivan,33,New Hampshire,NH
29181,Ripley,29,Missouri,MO
29229,Wright,29,Missouri,MO
29015,Benton,29,Missouri,MO
29097,Jasper,29,Missouri,MO
29093,Iron,29,Missouri,MO
29025,Caldwell,29,Missouri,MO
29003,Andrew,29,Missouri,MO
29175,Randolph,29,Missouri,MO
31013,Box Butte,31,Nebraska,NE
31131,Otoe,31,Nebraska,NE
31059,Fillmore,31,Nebraska,NE
5149,Yell,5,Arkansas,AR
5111,Poinsett,5,Arkansas,AR
29119,McDonald,29,Missouri,MO
37067,Forsyth,37,North Carolina,NC
37077,Granville,37,North Carolina,NC
37001,Alamance,37,North Carolina,NC
29107,Lafayette,29,Missouri,MO
29051,Cole,29,Missouri,MO
5071,Johnson,5,Arkansas,AR
5087,Madison,5,Arkansas,AR
5079,Lincoln,5,Arkansas,AR
5129,Searcy,5,Arkansas,AR
22103,St. Tammany,22,Louisiana,LA
22125,West Feliciana,22,Louisiana,LA
22003,Allen,22,Louisiana,LA
22041,Franklin,22,Louisiana,LA
22013,Bienville,22,Louisiana,LA
22053,Jefferson Davis,22,Louisiana,LA
22023,Cameron,22,Louisiana,LA
22087,St. Bernard,22,Louisiana,LA
22007,Assumption,22,Louisiana,LA
12013,Calhoun,12,Florida,FL
34033,Salem,34,New Jersey,NJ
34009,Cape May,34,New Jersey,NJ
29071,Franklin,29,Missouri,MO
29167,Polk,29,Missouri,MO
29131,Miller,29,Missouri,MO
29145,Newton,29,Missouri,MO
29079,Grundy,29,Missouri,MO
29009,Barry,29,Missouri,MO
30041,Hill,30,Montana,MT
29153,Ozark,29,Missouri,MO
29075,Gentry,29,Missouri,MO
29063,DeKalb,29,Missouri,MO
29221,Washington,29,Missouri,MO
30065,Musselshell,30,Montana,MT
38001,Adams,38,North Dakota,ND
38065,Oliver,38,North Dakota,ND
20133,Neosho,20,Kansas,KS
20105,Lincoln,20,Kansas,KS
20079,Harvey,20,Kansas,KS
20191,Sumner,20,Kansas,KS
20029,Cloud,20,Kansas,KS
20001,Allen,20,Kansas,KS
20007,Barber,20,Kansas,KS
41027,Hood River,41,Oregon,OR
46051,Grant,46,South Dakota,SD
29213,Taney,29,Missouri,MO
29209,Stone,29,Missouri,MO
29115,Linn,29,Missouri,MO
30011,Carter,30,Montana,MT
37063,Durham,37,North Carolina,NC
17101,Lawrence,17,Illinois,IL
29061,Daviess,29,Missouri,MO
72103,Naguabo,72,Puerto Rico,PR
72073,Jayuya,72,Puerto Rico,PR
49055,Wayne,49,Utah,UT
49021,Iron,49,Utah,UT
36097,Schuyler,36,New York,NY
16051,Jefferson,16,Idaho,ID
35027,Lincoln,35,New Mexico,NM
20009,Barton,20,Kansas,KS
20019,Chautauqua,20,Kansas,KS
20107,Linn,20,Kansas,KS
20127,Morris,20,Kansas,KS
48195,Hansford,48,Texas,TX
20011,Bourbon,20,Kansas,KS
72125,San GermÃ¡n,72,Puerto Rico,PR
46105,Perkins,46,South Dakota,SD
46109,Roberts,46,South Dakota,SD
46091,Marshall,46,South Dakota,SD
32019,Lyon,32,Nevada,NV
48163,Frio,48,Texas,TX
48011,Armstrong,48,Texas,TX
48129,Donley,48,Texas,TX
72079,Lajas,72,Puerto Rico,PR
28073,Lamar,28,Mississippi,MS
28147,Walthall,28,Mississippi,MS
28061,Jasper,28,Mississippi,MS
1015,Calhoun,1,Alabama,AL
1075,Lamar,1,Alabama,AL
1123,Tallapoosa,1,Alabama,AL
17133,Monroe,17,Illinois,IL
17187,Warren,17,Illinois,IL
17171,Scott,17,Illinois,IL
17147,Piatt,17,Illinois,IL
32009,Esmeralda,32,Nevada,NV
1013,Butler,1,Alabama,AL
35013,DoÃ±a Ana,35,New Mexico,NM
39029,Columbiana,39,Ohio,OH
39027,Clinton,39,Ohio,OH
39077,Huron,39,Ohio,OH
41009,Columbia,41,Oregon,OR
35009,Curry,35,New Mexico,NM
1029,Cleburne,1,Alabama,AL
17079,Jasper,17,Illinois,IL
28035,Forrest,28,Mississippi,MS
28025,Clay,28,Mississippi,MS
17081,Jefferson,17,Illinois,IL
37041,Chowan,37,North Carolina,NC
31017,Brown,31,Nebraska,NE
26157,Tuscola,26,Michigan,MI
26061,Houghton,26,Michigan,MI
36005,Bronx,36,New York,NY
37011,Avery,37,North Carolina,NC
31147,Richardson,31,Nebraska,NE
31031,Cherry,31,Nebraska,NE
31001,Adams,31,Nebraska,NE
17201,Winnebago,17,Illinois,IL
17029,Coles,17,Illinois,IL
40021,Cherokee,40,Oklahoma,OK
17099,LaSalle,17,Illinois,IL
18183,Whitley,18,Indiana,IN
18031,Decatur,18,Indiana,IN
19135,Monroe,19,Iowa,IA
19011,Benton,19,Iowa,IA
37181,Vance,37,North Carolina,NC
13285,Troup,13,Georgia,GA
18055,Greene,18,Indiana,IN
18105,Monroe,18,Indiana,IN
22019,Calcasieu,22,Louisiana,LA
22121,West Baton Rouge,22,Louisiana,LA
19005,Allamakee,19,Iowa,IA
21015,Boone,21,Kentucky,KY
28017,Chickasaw,28,Mississippi,MS
28091,Marion,28,Mississippi,MS
28047,Harrison,28,Mississippi,MS
28009,Benton,28,Mississippi,MS
18141,St. Joseph,18,Indiana,IN
18169,Wabash,18,Indiana,IN
40017,Canadian,40,Oklahoma,OK
28039,George,28,Mississippi,MS
28003,Alcorn,28,Mississippi,MS
36109,Tompkins,36,New York,NY
31027,Cedar,31,Nebraska,NE
21199,Pulaski,21,Kentucky,KY
28123,Scott,28,Mississippi,MS
36035,Fulton,36,New York,NY
39007,Ashtabula,39,Ohio,OH
39033,Crawford,39,Ohio,OH
39009,Athens,39,Ohio,OH
39047,Fayette,39,Ohio,OH
36089,St. Lawrence,36,New York,NY
36055,Monroe,36,New York,NY
33011,Hillsborough,33,New Hampshire,NH
39071,Highland,39,Ohio,OH
39059,Guernsey,39,Ohio,OH
48489,Willacy,48,Texas,TX
26015,Barry,26,Michigan,MI
19183,Washington,19,Iowa,IA
26045,Eaton,26,Michigan,MI
26011,Arenac,26,Michigan,MI
26155,Shiawassee,26,Michigan,MI
13095,Dougherty,13,Georgia,GA
17143,Peoria,17,Illinois,IL
17051,Fayette,17,Illinois,IL
17069,Hardin,17,Illinois,IL
24510,Baltimore,24,Maryland,MD
28037,Franklin,28,Mississippi,MS
19095,Iowa,19,Iowa,IA
17195,Whiteside,17,Illinois,IL
21129,Lee,21,Kentucky,KY
19105,Jones,19,Iowa,IA
19187,Webster,19,Iowa,IA
17181,Union,17,Illinois,IL
18033,DeKalb,18,Indiana,IN
19195,Worth,19,Iowa,IA
18163,Vanderburgh,18,Indiana,IN
18157,Tippecanoe,18,Indiana,IN
18073,Jasper,18,Indiana,IN
18079,Jennings,18,Indiana,IN
31173,Thurston,31,Nebraska,NE
22095,St. John the Baptist,22,Louisiana,LA
22093,St. James,22,Louisiana,LA
21213,Simpson,21,Kentucky,KY
39137,Putnam,39,Ohio,OH
28045,Hancock,28,Mississippi,MS
28077,Lawrence,28,Mississippi,MS
28069,Kemper,28,Mississippi,MS
28115,Pontotoc,28,Mississippi,MS
28105,Oktibbeha,28,Mississippi,MS
40123,Pontotoc,40,Oklahoma,OK
42131,Wyoming,42,Pennsylvania,PA
40031,Comanche,40,Oklahoma,OK
16027,Canyon,16,Idaho,ID
2020,Anchorage,2,Alaska,AK
21239,Woodford,21,Kentucky,KY
39117,Morrow,39,Ohio,OH
36039,Greene,36,New York,NY
36049,Lewis,36,New York,NY
26043,Dickinson,26,Michigan,MI
26093,Livingston,26,Michigan,MI
17119,Madison,17,Illinois,IL
17053,Ford,17,Illinois,IL
37195,Wilson,37,North Carolina,NC
26051,Gladwin,26,Michigan,MI
36011,Cayuga,36,New York,NY
36015,Chemung,36,New York,NY
21221,Trigg,21,Kentucky,KY
13115,Floyd,13,Georgia,GA
17173,Shelby,17,Illinois,IL
17117,Macoupin,17,Illinois,IL
18173,Warrick,18,Indiana,IN
19035,Cherokee,19,Iowa,IA
19129,Mills,19,Iowa,IA
26105,Mason,26,Michigan,MI
26113,Missaukee,26,Michigan,MI
26123,Newaygo,26,Michigan,MI
19065,Fayette,19,Iowa,IA
21141,Logan,21,Kentucky,KY
27157,Wabasha,27,Minnesota,MN
30037,Golden Valley,30,Montana,MT
26119,Montmorency,26,Michigan,MI
8067,La Plata,8,Colorado,CO
8125,Yuma,8,Colorado,CO
8063,Kit Carson,8,Colorado,CO
8081,Moffat,8,Colorado,CO
8045,Garfield,8,Colorado,CO
39087,Lawrence,39,Ohio,OH
39039,Defiance,39,Ohio,OH
39021,Champaign,39,Ohio,OH
29129,Mercer,29,Missouri,MO
19077,Guthrie,19,Iowa,IA
18135,Randolph,18,Indiana,IN
18043,Floyd,18,Indiana,IN
16075,Payette,16,Idaho,ID
51035,Carroll,51,Virginia,VA
5077,Lee,5,Arkansas,AR
37185,Warren,37,North Carolina,NC
37197,Yadkin,37,North Carolina,NC
17175,Stark,17,Illinois,IL
25003,Berkshire,25,Massachusetts,MA
25007,Dukes,25,Massachusetts,MA
39115,Morgan,39,Ohio,OH
1021,Chilton,1,Alabama,AL
13225,Peach,13,Georgia,GA
5127,Scott,5,Arkansas,AR
36079,Putnam,36,New York,NY
17137,Morgan,17,Illinois,IL
31103,Keya Paha,31,Nebraska,NE
1045,Dale,1,Alabama,AL
26021,Berrien,26,Michigan,MI
26151,Sanilac,26,Michigan,MI
37189,Watauga,37,North Carolina,NC
8041,El Paso,8,Colorado,CO
26079,Kalkaska,26,Michigan,MI
30095,Stillwater,30,Montana,MT
17055,Franklin,17,Illinois,IL
17155,Putnam,17,Illinois,IL
13045,Carroll,13,Georgia,GA
13035,Butts,13,Georgia,GA
19159,Ringgold,19,Iowa,IA
19197,Wright,19,Iowa,IA
19043,Clayton,19,Iowa,IA
29085,Hickory,29,Missouri,MO
26153,Schoolcraft,26,Michigan,MI
19017,Bremer,19,Iowa,IA
17087,Johnson,17,Illinois,IL
31019,Buffalo,31,Nebraska,NE
31169,Thayer,31,Nebraska,NE
31097,Johnson,31,Nebraska,NE
8099,Prowers,8,Colorado,CO
1081,Lee,1,Alabama,AL
6109,Tuolumne,6,California,CA
8103,Rio Blanco,8,Colorado,CO
12041,Gilchrist,12,Florida,FL
29186,Ste. Genevieve,29,Missouri,MO
28099,Neshoba,28,Mississippi,MS
28139,Tippah,28,Mississippi,MS
18151,Steuben,18,Indiana,IN
8079,Mineral,8,Colorado,CO
5089,Marion,5,Arkansas,AR
22061,Lincoln,22,Louisiana,LA
42057,Fulton,42,Pennsylvania,PA
41011,Coos,41,Oregon,OR
41013,Crook,41,Oregon,OR
72133,Santa Isabel,72,Puerto Rico,PR
72059,Guayanilla,72,Puerto Rico,PR
27067,Kandiyohi,27,Minnesota,MN
55013,Burnett,55,Wisconsin,WI
56007,Carbon,56,Wyoming,WY
72089,Luquillo,72,Puerto Rico,PR
18159,Tipton,18,Indiana,IN
19167,Sioux,19,Iowa,IA
19151,Pocahontas,19,Iowa,IA
19033,Cerro Gordo,19,Iowa,IA
55139,Winnebago,55,Wisconsin,WI
72131,San SebastiÃ¡n,72,Puerto Rico,PR
13161,Jeff Davis,13,Georgia,GA
21211,Shelby,21,Kentucky,KY
2050,Bethel,2,Alaska,AK
13097,Douglas,13,Georgia,GA
13071,Colquitt,13,Georgia,GA
54091,Taylor,54,West Virginia,WV
19153,Polk,19,Iowa,IA
19175,Union,19,Iowa,IA
21227,Warren,21,Kentucky,KY
72041,Cidra,72,Puerto Rico,PR
27037,Dakota,27,Minnesota,MN
36027,Dutchess,36,New York,NY
2150,Kodiak Island,2,Alaska,AK
30097,Sweet Grass,30,Montana,MT
31075,Grant,31,Nebraska,NE
20201,Washington,20,Kansas,KS
20031,Coffey,20,Kansas,KS
20151,Pratt,20,Kansas,KS
35023,Hidalgo,35,New Mexico,NM
21111,Jefferson,21,Kentucky,KY
17067,Hancock,17,Illinois,IL
27169,Winona,27,Minnesota,MN
53063,Spokane,53,Washington,WA
17141,Ogle,17,Illinois,IL
13237,Putnam,13,Georgia,GA
13081,Crisp,13,Georgia,GA
19007,Appanoose,19,Iowa,IA
47101,Lewis,47,Tennessee,TN
47137,Pickett,47,Tennessee,TN
17065,Hamilton,17,Illinois,IL
13011,Banks,13,Georgia,GA
48171,Gillespie,48,Texas,TX
48461,Upton,48,Texas,TX
48357,Ochiltree,48,Texas,TX
48031,Blanco,48,Texas,TX
55049,Iowa,55,Wisconsin,WI
55005,Barron,55,Wisconsin,WI
56037,Sweetwater,56,Wyoming,WY
72071,Isabela,72,Puerto Rico,PR
72115,Quebradillas,72,Puerto Rico,PR
47077,Henderson,47,Tennessee,TN
48403,Sabine,48,Texas,TX
50021,Rutland,50,Vermont,VT
19155,Pottawattamie,19,Iowa,IA
19055,Delaware,19,Iowa,IA
19083,Hardin,19,Iowa,IA
19125,Marion,19,Iowa,IA
72029,CanÃ³vanas,72,Puerto Rico,PR
72081,Lares,72,Puerto Rico,PR
72054,Florida,72,Puerto Rico,PR
36121,Wyoming,36,New York,NY
47115,Marion,47,Tennessee,TN
47029,Cocke,47,Tennessee,TN
13109,Evans,13,Georgia,GA
13017,Ben Hill,13,Georgia,GA
17149,Pike,17,Illinois,IL
28095,Monroe,28,Mississippi,MS
27151,Swift,27,Minnesota,MN
27017,Carlton,27,Minnesota,MN
27003,Anoka,27,Minnesota,MN
27001,Aitkin,27,Minnesota,MN
55085,Oneida,55,Wisconsin,WI
55079,Milwaukee,55,Wisconsin,WI
55035,Eau Claire,55,Wisconsin,WI
32510,Carson City,32,Nevada,NV
38027,Eddy,38,North Dakota,ND
38063,Nelson,38,North Dakota,ND
38075,Renville,38,North Dakota,ND
38095,Towner,38,North Dakota,ND
48307,McCulloch,48,Texas,TX
19061,Dubuque,19,Iowa,IA
19081,Hancock,19,Iowa,IA
54049,Marion,54,West Virginia,WV
54077,Preston,54,West Virginia,WV
72075,Juana DÃ­az,72,Puerto Rico,PR
54089,Summers,54,West Virginia,WV
17169,Schuyler,17,Illinois,IL
13255,Spalding,13,Georgia,GA
21185,Oldham,21,Kentucky,KY
21163,Meade,21,Kentucky,KY
56001,Albany,56,Wyoming,WY
56021,Laramie,56,Wyoming,WY
56009,Converse,56,Wyoming,WY
56015,Goshen,56,Wyoming,WY
20113,McPherson,20,Kansas,KS
20073,Greenwood,20,Kansas,KS
31091,Hooker,31,Nebraska,NE
47075,Haywood,47,Tennessee,TN
47139,Polk,47,Tennessee,TN
18179,Wells,18,Indiana,IN
18155,Switzerland,18,Indiana,IN
23005,Cumberland,23,Maine,ME
23001,Androscoggin,23,Maine,ME
19171,Tama,19,Iowa,IA
2188,Northwest Arctic,2,Alaska,AK
28141,Tishomingo,28,Mississippi,MS
2195,Petersburg,2,Alaska,AK
20021,Cherokee,20,Kansas,KS
72061,Guaynabo,72,Puerto Rico,PR
72111,PeÃ±uelas,72,Puerto Rico,PR
47061,Grundy,47,Tennessee,TN
47071,Hardin,47,Tennessee,TN
17025,Clay,17,Illinois,IL
16009,Benewah,16,Idaho,ID
13197,Marion,13,Georgia,GA
46081,Lawrence,46,South Dakota,SD
27085,McLeod,27,Minnesota,MN
27043,Faribault,27,Minnesota,MN
20033,Comanche,20,Kansas,KS
40053,Grant,40,Oklahoma,OK
40105,Nowata,40,Oklahoma,OK
55105,Rock,55,Wisconsin,WI
55133,Waukesha,55,Wisconsin,WI
54015,Clay,54,West Virginia,WV
38015,Burleigh,38,North Dakota,ND
38043,Kidder,38,North Dakota,ND
38045,LaMoure,38,North Dakota,ND
72067,Hormigueros,72,Puerto Rico,PR
72095,Maunabo,72,Puerto Rico,PR
27045,Fillmore,27,Minnesota,MN
54055,Mercer,54,West Virginia,WV
54079,Putnam,54,West Virginia,WV
20039,Decatur,20,Kansas,KS
20155,Reno,20,Kansas,KS
54105,Wirt,54,West Virginia,WV
16063,Lincoln,16,Idaho,ID
48429,Stephens,48,Texas,TX
13003,Atkinson,13,Georgia,GA
20053,Ellsworth,20,Kansas,KS
50001,Addison,50,Vermont,VT
49039,Sanpete,49,Utah,UT
2230,Skagway,2,Alaska,AK
55067,Langlade,55,Wisconsin,WI
55081,Monroe,55,Wisconsin,WI
55093,Pierce,55,Wisconsin,WI
55129,Washburn,55,Wisconsin,WI
47161,Stewart,47,Tennessee,TN
47113,Madison,47,Tennessee,TN
47095,Lake,47,Tennessee,TN
40139,Texas,40,Oklahoma,OK
41063,Wallowa,41,Oregon,OR
4023,Santa Cruz,4,Arizona,AZ
55077,Marquette,55,Wisconsin,WI
55131,Washington,55,Wisconsin,WI
46019,Butte,46,South Dakota,SD
72145,Vega Baja,72,Puerto Rico,PR
72139,Trujillo Alto,72,Puerto Rico,PR
72033,CataÃ±o,72,Puerto Rico,PR
47023,Chester,47,Tennessee,TN
47017,Carroll,47,Tennessee,TN
48205,Hartley,48,Texas,TX
40103,Noble,40,Oklahoma,OK
16001,Ada,16,Idaho,ID
47067,Hancock,47,Tennessee,TN
27115,Pine,27,Minnesota,MN
53023,Garfield,53,Washington,WA
46115,Spink,46,South Dakota,SD
46107,Potter,46,South Dakota,SD
21161,Mason,21,Kentucky,KY
46061,Hanson,46,South Dakota,SD
46077,Kingsbury,46,South Dakota,SD
46005,Beadle,46,South Dakota,SD
36107,Tioga,36,New York,NY
36007,Broome,36,New York,NY
27019,Carver,27,Minnesota,MN
51115,Mathews,51,Virginia,VA
55095,Polk,55,Wisconsin,WI
54029,Hancock,54,West Virginia,WV
55073,Marathon,55,Wisconsin,WI
55025,Dane,55,Wisconsin,WI
55087,Outagamie,55,Wisconsin,WI
53039,Klickitat,53,Washington,WA
17093,Kendall,17,Illinois,IL
17103,Lee,17,Illinois,IL
13015,Bartow,13,Georgia,GA
17019,Champaign,17,Illinois,IL
51077,Grayson,51,Virginia,VA
55109,St. Croix,55,Wisconsin,WI
55031,Douglas,55,Wisconsin,WI
55061,Kewaunee,55,Wisconsin,WI
39053,Gallia,39,Ohio,OH
39159,Union,39,Ohio,OH
39013,Belmont,39,Ohio,OH
5035,Crittenden,5,Arkansas,AR
39089,Licking,39,Ohio,OH
42083,McKean,42,Pennsylvania,PA
42073,Lawrence,42,Pennsylvania,PA
29103,Knox,29,Missouri,MO
12035,Flagler,12,Florida,FL
48485,Wichita,48,Texas,TX
48367,Parker,48,Texas,TX
46069,Hyde,46,South Dakota,SD
20199,Wallace,20,Kansas,KS
42047,Elk,42,Pennsylvania,PA
44003,Kent,44,Rhode Island,RI
46071,Jackson,46,South Dakota,SD
46087,McCook,46,South Dakota,SD
13275,Thomas,13,Georgia,GA
30103,Treasure,30,Montana,MT
29011,Barton,29,Missouri,MO
37045,Cleveland,37,North Carolina,NC
48169,Garza,48,Texas,TX
48415,Scurry,48,Texas,TX
48047,Brooks,48,Texas,TX
48259,Kendall,48,Texas,TX
48227,Howard,48,Texas,TX
42085,Mercer,42,Pennsylvania,PA
13211,Morgan,13,Georgia,GA
13235,Pulaski,13,Georgia,GA
13131,Grady,13,Georgia,GA
13065,Clinch,13,Georgia,GA
13293,Upson,13,Georgia,GA
21137,Lincoln,21,Kentucky,KY
48077,Clay,48,Texas,TX
48045,Briscoe,48,Texas,TX
46111,Sanborn,46,South Dakota,SD
46057,Hamlin,46,South Dakota,SD
40005,Atoka,40,Oklahoma,OK
37151,Randolph,37,North Carolina,NC
40119,Payne,40,Oklahoma,OK
40153,Woodward,40,Oklahoma,OK
13287,Turner,13,Georgia,GA
34029,Ocean,34,New Jersey,NJ
6075,San Francisco,6,California,CA
12015,Charlotte,12,Florida,FL
12051,Hendry,12,Florida,FL
12093,Okeechobee,12,Florida,FL
40063,Hughes,40,Oklahoma,OK
40127,Pushmataha,40,Oklahoma,OK
12043,Glades,12,Florida,FL
12087,Monroe,12,Florida,FL
38039,Griggs,38,North Dakota,ND
38029,Emmons,38,North Dakota,ND
38081,Sargent,38,North Dakota,ND
6031,Kings,6,California,CA
17071,Henderson,17,Illinois,IL
40109,Oklahoma,40,Oklahoma,OK
40121,Pittsburg,40,Oklahoma,OK
42053,Forest,42,Pennsylvania,PA
42001,Adams,42,Pennsylvania,PA
48131,Duval,48,Texas,TX
48441,Taylor,48,Texas,TX
48251,Johnson,48,Texas,TX
46129,Walworth,46,South Dakota,SD
46025,Clark,46,South Dakota,SD
47027,Clay,47,Tennessee,TN
46097,Miner,46,South Dakota,SD
13155,Irwin,13,Georgia,GA
48243,Jeff Davis,48,Texas,TX
20017,Chase,20,Kansas,KS
26077,Kalamazoo,26,Michigan,MI
8075,Logan,8,Colorado,CO
26009,Antrim,26,Michigan,MI
26039,Crawford,26,Michigan,MI
26165,Wexford,26,Michigan,MI
48463,Uvalde,48,Texas,TX
48237,Jack,48,Texas,TX
37035,Catawba,37,North Carolina,NC
37027,Caldwell,37,North Carolina,NC
37169,Stokes,37,North Carolina,NC
13227,Pickens,13,Georgia,GA
55097,Portage,55,Wisconsin,WI
53001,Adams,53,Washington,WA
53013,Columbia,53,Washington,WA
54101,Webster,54,West Virginia,WV
46015,Brule,46,South Dakota,SD
48393,Roberts,48,Texas,TX
48165,Gaines,48,Texas,TX
48341,Moore,48,Texas,TX
48009,Archer,48,Texas,TX
26121,Muskegon,26,Michigan,MI
40055,Greer,40,Oklahoma,OK
40059,Harper,40,Oklahoma,OK
51640,Galax,51,Virginia,VA
20091,Johnson,20,Kansas,KS
21073,Franklin,21,Kentucky,KY
20141,Osborne,20,Kansas,KS
16065,Madison,16,Idaho,ID
13173,Lanier,13,Georgia,GA
12101,Pasco,12,Florida,FL
12115,Sarasota,12,Florida,FL
42007,Beaver,42,Pennsylvania,PA
42069,Lackawanna,42,Pennsylvania,PA
38087,Slope,38,North Dakota,ND
20015,Butler,20,Kansas,KS
20063,Gove,20,Kansas,KS
20041,Dickinson,20,Kansas,KS
18081,Johnson,18,Indiana,IN
19173,Taylor,19,Iowa,IA
39041,Delaware,39,Ohio,OH
45033,Dillon,45,South Carolina,SC
39023,Clark,39,Ohio,OH
39119,Muskingum,39,Ohio,OH
40011,Blaine,40,Oklahoma,OK
48217,Hill,48,Texas,TX
48181,Grayson,48,Texas,TX
46003,Aurora,46,South Dakota,SD
46125,Turner,46,South Dakota,SD
21057,Cumberland,21,Kentucky,KY
29147,Nodaway,29,Missouri,MO
29133,Mississippi,29,Missouri,MO
30019,Daniels,30,Montana,MT
26065,Ingham,26,Michigan,MI
26139,Ottawa,26,Michigan,MI
26037,Clinton,26,Michigan,MI
37135,Orange,37,North Carolina,NC
13223,Paulding,13,Georgia,GA
13277,Tift,13,Georgia,GA
51775,Salem,51,Virginia,VA
55021,Columbia,55,Wisconsin,WI
13145,Harris,13,Georgia,GA
13297,Walton,13,Georgia,GA
13129,Gordon,13,Georgia,GA
26005,Allegan,26,Michigan,MI
26081,Kent,26,Michigan,MI
26101,Manistee,26,Michigan,MI
51620,Franklin,51,Virginia,VA
51830,Williamsburg,51,Virginia,VA
51570,Colonial Heights,51,Virginia,VA
51720,Norton,51,Virginia,VA
20177,Shawnee,20,Kansas,KS
20087,Jefferson,20,Kansas,KS
20131,Nemaha,20,Kansas,KS
21087,Green,21,Kentucky,KY
21171,Monroe,21,Kentucky,KY
12063,Jackson,12,Florida,FL
12061,Indian River,12,Florida,FL
42079,Luzerne,42,Pennsylvania,PA
44001,Bristol,44,Rhode Island,RI
45059,Laurens,45,South Carolina,SC
45075,Orangeburg,45,South Carolina,SC
48265,Kerr,48,Texas,TX
20139,Osage,20,Kansas,KS
48365,Panola,48,Texas,TX
39049,Franklin,39,Ohio,OH
39093,Lorain,39,Ohio,OH
48331,Milam,48,Texas,TX
48133,Eastland,48,Texas,TX
26073,Isabella,26,Michigan,MI
48445,Terry,48,Texas,TX
48093,Comanche,48,Texas,TX
48003,Andrews,48,Texas,TX
48059,Callahan,48,Texas,TX
48325,Medina,48,Texas,TX
30079,Prairie,30,Montana,MT
21173,Montgomery,21,Kentucky,KY
21169,Metcalfe,21,Kentucky,KY
46059,Hand,46,South Dakota,SD
29001,Adair,29,Missouri,MO
29217,Vernon,29,Missouri,MO
29005,Atchison,29,Missouri,MO
48375,Potter,48,Texas,TX
48097,Cooke,48,Texas,TX
26059,Hillsdale,26,Michigan,MI
26091,Lenawee,26,Michigan,MI
17075,Iroquois,17,Illinois,IL
37145,Person,37,North Carolina,NC
37109,Lincoln,37,North Carolina,NC
13295,Walker,13,Georgia,GA
13055,Chattooga,13,Georgia,GA
13165,Jenkins,13,Georgia,GA
13243,Randolph,13,Georgia,GA
13047,Catoosa,13,Georgia,GA
17021,Christian,17,Illinois,IL
17091,Kankakee,17,Illinois,IL
26117,Montcalm,26,Michigan,MI
12109,St. Johns,12,Florida,FL
56011,Crook,56,Wyoming,WY
56043,Washakie,56,Wyoming,WY
38007,Billings,38,North Dakota,ND
21001,Adair,21,Kentucky,KY
21069,Fleming,21,Kentucky,KY
21191,Pendleton,21,Kentucky,KY
20005,Atchison,20,Kansas,KS
46079,Lake,46,South Dakota,SD
17151,Pope,17,Illinois,IL
21233,Webster,21,Kentucky,KY
21207,Russell,21,Kentucky,KY
39103,Medina,39,Ohio,OH
31095,Jefferson,31,Nebraska,NE
5143,Washington,5,Arkansas,AR
29510,St. Louis,29,Missouri,MO
51760,Richmond,51,Virginia,VA
51105,Lee,51,Virginia,VA
5115,Pope,5,Arkansas,AR
72063,Gurabo,72,Puerto Rico,PR
42039,Crawford,42,Pennsylvania,PA
42037,Columbia,42,Pennsylvania,PA
45001,Abbeville,45,South Carolina,SC
31039,Cuming,31,Nebraska,NE
31037,Colfax,31,Nebraska,NE
39083,Knox,39,Ohio,OH
37061,Duplin,37,North Carolina,NC
51071,Giles,51,Virginia,VA
51590,Danville,51,Virginia,VA
21091,Hancock,21,Kentucky,KY
39155,Trumbull,39,Ohio,OH
31155,Saunders,31,Nebraska,NE
29035,Carter,29,Missouri,MO
29215,Texas,29,Missouri,MO
17183,Vermilion,17,Illinois,IL
17033,Crawford,17,Illinois,IL
13233,Polk,13,Georgia,GA
5113,Polk,5,Arkansas,AR
5145,White,5,Arkansas,AR
5101,Newton,5,Arkansas,AR
5043,Drew,5,Arkansas,AR
40143,Tulsa,40,Oklahoma,OK
26017,Bay,26,Michigan,MI
26033,Chippewa,26,Michigan,MI
29169,Pulaski,29,Missouri,MO
29047,Clay,29,Missouri,MO
39081,Jefferson,39,Ohio,OH
48049,Brown,48,Texas,TX
72017,Barceloneta,72,Puerto Rico,PR
36019,Clinton,36,New York,NY
21157,Marshall,21,Kentucky,KY
26001,Alcona,26,Michigan,MI
26111,Midland,26,Michigan,MI
48493,Wilson,48,Texas,TX
48117,Deaf Smith,48,Texas,TX
48099,Coryell,48,Texas,TX
39037,Darke,39,Ohio,OH
39005,Ashland,39,Ohio,OH
5059,Hot Spring,5,Arkansas,AR
5009,Boone,5,Arkansas,AR
29083,Henry,29,Missouri,MO
37187,Washington,37,North Carolina,NC
21215,Spencer,21,Kentucky,KY
49009,Daggett,49,Utah,UT
20071,Greeley,20,Kansas,KS
5135,Sharp,5,Arkansas,AR
47087,Jackson,47,Tennessee,TN
31175,Valley,31,Nebraska,NE
31133,Pawnee,31,Nebraska,NE
29077,Greene,29,Missouri,MO
29017,Bollinger,29,Missouri,MO
29059,Dallas,29,Missouri,MO
51011,Appomattox,51,Virginia,VA
51630,Fredericksburg,51,Virginia,VA
26069,Iosco,26,Michigan,MI
26145,Saginaw,26,Michigan,MI
26035,Clare,26,Michigan,MI
31181,Webster,31,Nebraska,NE
31179,Wayne,31,Nebraska,NE
29053,Cooper,29,Missouri,MO
29043,Christian,29,Missouri,MO
21225,Union,21,Kentucky,KY
21083,Graves,21,Kentucky,KY
51800,Suffolk,51,Virginia,VA
37081,Guilford,37,North Carolina,NC
13187,Lumpkin,13,Georgia,GA
13117,Forsyth,13,Georgia,GA
17113,McLean,17,Illinois,IL
48437,Swisher,48,Texas,TX
48369,Parmer,48,Texas,TX
29177,Ray,29,Missouri,MO
39107,Mercer,39,Ohio,OH
28085,Lincoln,28,Mississippi,MS
28101,Newton,28,Mississippi,MS
51075,Goochland,51,Virginia,VA
5049,Fulton,5,Arkansas,AR
5123,St. Francis,5,Arkansas,AR
13111,Fannin,13,Georgia,GA
17089,Kane,17,Illinois,IL
40039,Custer,40,Oklahoma,OK
42109,Snyder,42,Pennsylvania,PA
42117,Tioga,42,Pennsylvania,PA
28081,Lee,28,Mississippi,MS
8017,Cheyenne,8,Colorado,CO
8123,Weld,8,Colorado,CO
8115,Sedgwick,8,Colorado,CO
5125,Saline,5,Arkansas,AR
29065,Dent,29,Missouri,MO
29187,St. Francois,29,Missouri,MO
48385,Real,48,Texas,TX
48271,Kinney,48,Texas,TX
36095,Schoharie,36,New York,NY
31089,Holt,31,Nebraska,NE
31107,Knox,31,Nebraska,NE
31067,Gage,31,Nebraska,NE
31023,Butler,31,Nebraska,NE
30091,Sheridan,30,Montana,MT
37143,Perquimans,37,North Carolina,NC
42013,Blair,42,Pennsylvania,PA
42077,Lehigh,42,Pennsylvania,PA
31041,Custer,31,Nebraska,NE
31159,Seward,31,Nebraska,NE
12049,Hardee,12,Florida,FL
29125,Maries,29,Missouri,MO
29151,Osage,29,Missouri,MO
30067,Park,30,Montana,MT
21117,Kenton,21,Kentucky,KY
51025,Brunswick,51,Virginia,VA
13063,Clayton,13,Georgia,GA
37005,Alleghany,37,North Carolina,NC
34037,Sussex,34,New Jersey,NJ
34017,Hudson,34,New Jersey,NJ
28063,Jefferson,28,Mississippi,MS
28027,Coahoma,28,Mississippi,MS
28161,Yalobusha,28,Mississippi,MS
51135,Nottoway,51,Virginia,VA
5055,Greene,5,Arkansas,AR
17157,Randolph,17,Illinois,IL
17167,Sangamon,17,Illinois,IL
39173,Wood,39,Ohio,OH
39065,Hardin,39,Ohio,OH
39079,Jackson,39,Ohio,OH
36041,Hamilton,36,New York,NY
47043,Dickson,47,Tennessee,TN
47015,Cannon,47,Tennessee,TN
47155,Sevier,47,Tennessee,TN
5023,Cleburne,5,Arkansas,AR
5097,Montgomery,5,Arkansas,AR
36117,Wayne,36,New York,NY
51045,Craig,51,Virginia,VA
51580,Covington,51,Virginia,VA
51678,Lexington,51,Virginia,VA
40029,Coal,40,Oklahoma,OK
47179,Washington,47,Tennessee,TN
48087,Collingsworth,48,Texas,TX
31093,Howard,31,Nebraska,NE
31085,Hayes,31,Nebraska,NE
31021,Burt,31,Nebraska,NE
31125,Nance,31,Nebraska,NE
31009,Blaine,31,Nebraska,NE
31073,Gosper,31,Nebraska,NE
21149,McLean,21,Kentucky,KY
21037,Campbell,21,Kentucky,KY
45081,Saluda,45,South Carolina,SC
39109,Miami,39,Ohio,OH
31057,Dundy,31,Nebraska,NE
31143,Polk,31,Nebraska,NE
34039,Union,34,New Jersey,NJ
30111,Yellowstone,30,Montana,MT
29135,Moniteau,29,Missouri,MO
29203,Shannon,29,Missouri,MO
29163,Pike,29,Missouri,MO
29173,Ralls,29,Missouri,MO
2016,Aleutians West,2,Alaska,AK
36073,Orleans,36,New York,NY
13067,Cobb,13,Georgia,GA
17011,Bureau,17,Illinois,IL
12059,Holmes,12,Florida,FL
39143,Sandusky,39,Ohio,OH
28159,Winston,28,Mississippi,MS
28079,Leake,28,Mississippi,MS
28043,Grenada,28,Mississippi,MS
28097,Montgomery,28,Mississippi,MS
28023,Clarke,28,Mississippi,MS
28013,Calhoun,28,Mississippi,MS
21009,Barren,21,Kentucky,KY
51810,Virginia Beach,51,Virginia,VA
13207,Monroe,13,Georgia,GA
17063,Grundy,17,Illinois,IL
13101,Echols,13,Georgia,GA
39045,Fairfield,39,Ohio,OH
36123,Yates,36,New York,NY
36023,Cortland,36,New York,NY
51173,Smyth,51,Virginia,VA
51683,Manassas,51,Virginia,VA
31139,Pierce,31,Nebraska,NE
31071,Garfield,31,Nebraska,NE
17095,Knox,17,Illinois,IL
17013,Calhoun,17,Illinois,IL
18047,Franklin,18,Indiana,IN
39085,Lake,39,Ohio,OH
51770,Roanoke,51,Virginia,VA
72057,Guayama,72,Puerto Rico,PR
72099,Moca,72,Puerto Rico,PR
8105,Rio Grande,8,Colorado,CO
8073,Lincoln,8,Colorado,CO
8014,Broomfield,8,Colorado,CO
72101,Morovis,72,Puerto Rico,PR
46029,Codington,46,South Dakota,SD
27155,Traverse,27,Minnesota,MN
40043,Dewey,40,Oklahoma,OK
51049,Cumberland,51,Virginia,VA
55103,Richland,55,Wisconsin,WI
72129,San Lorenzo,72,Puerto Rico,PR
5005,Baxter,5,Arkansas,AR
19057,Des Moines,19,Iowa,IA
19049,Dallas,19,Iowa,IA
19169,Story,19,Iowa,IA
27153,Todd,27,Minnesota,MN
27057,Hubbard,27,Minnesota,MN
27033,Cottonwood,27,Minnesota,MN
55089,Ozaukee,55,Wisconsin,WI
18097,Marion,18,Indiana,IN
19099,Jasper,19,Iowa,IA
19191,Winneshiek,19,Iowa,IA
13167,Johnson,13,Georgia,GA
13193,Macon,13,Georgia,GA
35037,Quay,35,New Mexico,NM
1077,Lauderdale,1,Alabama,AL
18165,Vermillion,18,Indiana,IN
22047,Iberville,22,Louisiana,LA
29225,Webster,29,Missouri,MO
19139,Muscatine,19,Iowa,IA
42025,Carbon,42,Pennsylvania,PA
39171,Williams,39,Ohio,OH
16017,Bonner,16,Idaho,ID
72091,ManatÃ­,72,Puerto Rico,PR
18171,Warren,18,Indiana,IN
8039,Elbert,8,Colorado,CO
8003,Alamosa,8,Colorado,CO
72069,Humacao,72,Puerto Rico,PR
27125,Red Lake,27,Minnesota,MN
56031,Platte,56,Wyoming,WY
51595,Emporia,51,Virginia,VA
5033,Crawford,5,Arkansas,AR
72043,Coamo,72,Puerto Rico,PR
13239,Quitman,13,Georgia,GA
13149,Heard,13,Georgia,GA
46047,Fall River,46,South Dakota,SD
8119,Teller,8,Colorado,CO
8121,Washington,8,Colorado,CO
19001,Adair,19,Iowa,IA
17015,Carroll,17,Illinois,IL
26161,Washtenaw,26,Michigan,MI
26149,St. Joseph,26,Michigan,MI
26025,Calhoun,26,Michigan,MI
18045,Fountain,18,Indiana,IN
19053,Decatur,19,Iowa,IA
19177,Van Buren,19,Iowa,IA
19143,Osceola,19,Iowa,IA
46007,Bennett,46,South Dakota,SD
46089,McPherson,46,South Dakota,SD
19193,Woodbury,19,Iowa,IA
19031,Cedar,19,Iowa,IA
18143,Scott,18,Indiana,IN
1039,Covington,1,Alabama,AL
40085,Love,40,Oklahoma,OK
46037,Day,46,South Dakota,SD
42021,Cambria,42,Pennsylvania,PA
40115,Ottawa,40,Oklahoma,OK
31145,Red Willow,31,Nebraska,NE
31011,Boone,31,Nebraska,NE
19047,Crawford,19,Iowa,IA
19091,Humboldt,19,Iowa,IA
13069,Coffee,13,Georgia,GA
1103,Morgan,1,Alabama,AL
23011,Kennebec,23,Maine,ME
23013,Knox,23,Maine,ME
29139,Montgomery,29,Missouri,MO
29045,Clark,29,Missouri,MO
29055,Crawford,29,Missouri,MO
40129,Roger Mills,40,Oklahoma,OK
20137,Norton,20,Kansas,KS
1093,Marion,1,Alabama,AL
72149,Villalba,72,Puerto Rico,PR
27111,Otter Tail,27,Minnesota,MN
8087,Morgan,8,Colorado,CO
8025,Crowley,8,Colorado,CO
12067,Lafayette,12,Florida,FL
21039,Carlisle,21,Kentucky,KY
21219,Todd,21,Kentucky,KY
6067,Sacramento,6,California,CA
26023,Branch,26,Michigan,MI
48189,Hale,48,Texas,TX
48363,Palo Pinto,48,Texas,TX
48297,Live Oak,48,Texas,TX
30025,Fallon,30,Montana,MT
29049,Clinton,29,Missouri,MO
27105,Nobles,27,Minnesota,MN
46063,Harding,46,South Dakota,SD
72049,Culebra,72,Puerto Rico,PR
18093,Lawrence,18,Indiana,IN
19071,Fremont,19,Iowa,IA
19087,Henry,19,Iowa,IA
19179,Wapello,19,Iowa,IA
18049,Fulton,18,Indiana,IN
48255,Karnes,48,Texas,TX
48487,Wilbarger,48,Texas,TX
19089,Howard,19,Iowa,IA
17145,Perry,17,Illinois,IL
32013,Humboldt,32,Nevada,NV
19109,Kossuth,19,Iowa,IA
17059,Gallatin,17,Illinois,IL
17127,Massac,17,Illinois,IL
17107,Logan,17,Illinois,IL
1037,Coosa,1,Alabama,AL
1105,Perry,1,Alabama,AL
1061,Geneva,1,Alabama,AL
32033,White Pine,32,Nevada,NV
42065,Jefferson,42,Pennsylvania,PA
55045,Green,55,Wisconsin,WI
55053,Jackson,55,Wisconsin,WI
35025,Lea,35,New Mexico,NM
1083,Limestone,1,Alabama,AL
46039,Deuel,46,South Dakota,SD
1127,Walker,1,Alabama,AL
1125,Tuscaloosa,1,Alabama,AL
27149,Stevens,27,Minnesota,MN
4017,Navajo,4,Arizona,AZ
40007,Beaver,40,Oklahoma,OK
29127,Marion,29,Missouri,MO
9003,Hartford,9,Connecticut,CT
46101,Moody,46,South Dakota,SD
46031,Corson,46,South Dakota,SD
27007,Beltrami,27,Minnesota,MN
8021,Conejos,8,Colorado,CO
17203,Woodford,17,Illinois,IL
17179,Tazewell,17,Illinois,IL
17023,Clark,17,Illinois,IL
12011,Broward,12,Florida,FL
42011,Berks,42,Pennsylvania,PA
39061,Hamilton,39,Ohio,OH
48293,Limestone,48,Texas,TX
18115,Ohio,18,Indiana,IN
18085,Kosciusko,18,Indiana,IN
18103,Miami,18,Indiana,IN
18001,Adams,18,Indiana,IN
1017,Chambers,1,Alabama,AL
1059,Franklin,1,Alabama,AL
18153,Sullivan,18,Indiana,IN
18107,Montgomery,18,Indiana,IN
19189,Winnebago,19,Iowa,IA
19147,Palo Alto,19,Iowa,IA
18117,Orange,18,Indiana,IN
19039,Clarke,19,Iowa,IA
19093,Ida,19,Iowa,IA
17005,Bond,17,Illinois,IL
33003,Carroll,33,New Hampshire,NH
29089,Howard,29,Missouri,MO
35053,Socorro,35,New Mexico,NM
48269,King,48,Texas,TX
17177,Stephenson,17,Illinois,IL
18075,Jay,18,Indiana,IN
17045,Edgar,17,Illinois,IL
37033,Caswell,37,North Carolina,NC
35041,Roosevelt,35,New Mexico,NM
19079,Hamilton,19,Iowa,IA
1079,Lawrence,1,Alabama,AL
1007,Bibb,1,Alabama,AL
32007,Elko,32,Nevada,NV
32017,Lincoln,32,Nevada,NV
32023,Nye,32,Nevada,NV
19101,Jefferson,19,Iowa,IA
55127,Walworth,55,Wisconsin,WI
8089,Otero,8,Colorado,CO
35059,Union,35,New Mexico,NM
35035,Otero,35,New Mexico,NM
50023,Washington,50,Vermont,VT
54069,Ohio,54,West Virginia,WV
47177,Warren,47,Tennessee,TN
47131,Obion,47,Tennessee,TN
4003,Cochise,4,Arizona,AZ
40001,Adair,40,Oklahoma,OK
4011,Greenlee,4,Arizona,AZ
17085,Jo Daviess,17,Illinois,IL
41071,Yamhill,41,Oregon,OR
53069,Wahkiakum,53,Washington,WA
55078,Menominee,55,Wisconsin,WI
72153,Yauco,72,Puerto Rico,PR
20125,Montgomery,20,Kansas,KS
20059,Franklin,20,Kansas,KS
20115,Marion,20,Kansas,KS
1111,Randolph,1,Alabama,AL
38013,Burke,38,North Dakota,ND
2068,Denali,2,Alaska,AK
55017,Chippewa,55,Wisconsin,WI
55099,Price,55,Wisconsin,WI
55055,Jefferson,55,Wisconsin,WI
41025,Harney,41,Oregon,OR
40069,Johnston,40,Oklahoma,OK
16021,Boundary,16,Idaho,ID
72021,BayamÃ³n,72,Puerto Rico,PR
36093,Schenectady,36,New York,NY
35005,Chaves,35,New Mexico,NM
35057,Torrance,35,New Mexico,NM
48127,Dimmit,48,Texas,TX
48101,Cottle,48,Texas,TX
72085,Las Piedras,72,Puerto Rico,PR
27101,Murray,27,Minnesota,MN
27135,Roseau,27,Minnesota,MN
47039,Decatur,47,Tennessee,TN
48079,Cochran,48,Texas,TX
46135,Yankton,46,South Dakota,SD
72065,Hatillo,72,Puerto Rico,PR
72083,Las MarÃ­as,72,Puerto Rico,PR
72055,GuÃ¡nica,72,Puerto Rico,PR
28153,Wayne,28,Mississippi,MS
28127,Simpson,28,Mississippi,MS
18037,Dubois,18,Indiana,IN
27029,Clearwater,27,Minnesota,MN
19103,Johnson,19,Iowa,IA
19015,Boone,19,Iowa,IA
19157,Poweshiek,19,Iowa,IA
19117,Lucas,19,Iowa,IA
46083,Lincoln,46,South Dakota,SD
18035,Delaware,18,Indiana,IN
18057,Hamilton,18,Indiana,IN
72093,Maricao,72,Puerto Rico,PR
72009,Aibonito,72,Puerto Rico,PR
72105,Naranjito,72,Puerto Rico,PR
17105,Livingston,17,Illinois,IL
40045,Ellis,40,Oklahoma,OK
48285,Lavaca,48,Texas,TX
19075,Grundy,19,Iowa,IA
13125,Glascock,13,Georgia,GA
13085,Dawson,13,Georgia,GA
18181,White,18,Indiana,IN
18091,LaPorte,18,Indiana,IN
36037,Genesee,36,New York,NY
42115,Susquehanna,42,Pennsylvania,PA
17191,Wayne,17,Illinois,IL
18161,Union,18,Indiana,IN
18039,Elkhart,18,Indiana,IN
16045,Gem,16,Idaho,ID
48159,Franklin,48,Texas,TX
48249,Jim Wells,48,Texas,TX
38101,Ward,38,North Dakota,ND
38041,Hettinger,38,North Dakota,ND
38089,Stark,38,North Dakota,ND
38003,Barnes,38,North Dakota,ND
40015,Caddo,40,Oklahoma,OK
47011,Bradley,47,Tennessee,TN
16019,Bonneville,16,Idaho,ID
72117,RincÃ³n,72,Puerto Rico,PR
21075,Fulton,21,Kentucky,KY
41069,Wheeler,41,Oregon,OR
15005,Kalawao,15,Hawaii,HI
29227,Worth,29,Missouri,MO
19027,Carroll,19,Iowa,IA
27025,Chisago,27,Minnesota,MN
27109,Olmsted,27,Minnesota,MN
27161,Waseca,27,Minnesota,MN
27039,Dodge,27,Minnesota,MN
50007,Chittenden,50,Vermont,VT
49041,Sevier,49,Utah,UT
20047,Edwards,20,Kansas,KS
20205,Wilson,20,Kansas,KS
28125,Sharkey,28,Mississippi,MS
18025,Crawford,18,Indiana,IN
16055,Kootenai,16,Idaho,ID
49027,Millard,49,Utah,UT
46035,Davison,46,South Dakota,SD
55041,Forest,55,Wisconsin,WI
53003,Asotin,53,Washington,WA
20037,Crawford,20,Kansas,KS
20089,Jewell,20,Kansas,KS
18133,Putnam,18,Indiana,IN
18059,Hancock,18,Indiana,IN
19107,Keokuk,19,Iowa,IA
19067,Floyd,19,Iowa,IA
13091,Dodge,13,Georgia,GA
50025,Windham,50,Vermont,VT
55123,Vernon,55,Wisconsin,WI
48431,Sterling,48,Texas,TX
55015,Calumet,55,Wisconsin,WI
55047,Green Lake,55,Wisconsin,WI
56023,Lincoln,56,Wyoming,WY
56005,Campbell,56,Wyoming,WY
18087,LaGrange,18,Indiana,IN
18109,Morgan,18,Indiana,IN
41059,Umatilla,41,Oregon,OR
72135,Toa Alta,72,Puerto Rico,PR
28093,Marshall,28,Mississippi,MS
48353,Nolan,48,Texas,TX
48263,Kent,48,Texas,TX
50013,Grand Isle,50,Vermont,VT
53009,Clallam,53,Washington,WA
54107,Wood,54,West Virginia,WV
19037,Chickasaw,19,Iowa,IA
38073,Ransom,38,North Dakota,ND
38083,Sheridan,38,North Dakota,ND
38021,Dickey,38,North Dakota,ND
38079,Rolette,38,North Dakota,ND
40061,Haskell,40,Oklahoma,OK
50015,Lamoille,50,Vermont,VT
20025,Clark,20,Kansas,KS
39017,Butler,39,Ohio,OH
16071,Oneida,16,Idaho,ID
13201,Miller,13,Georgia,GA
19051,Davis,19,Iowa,IA
2060,Bristol Bay,2,Alaska,AK
46027,Clay,46,South Dakota,SD
55141,Wood,55,Wisconsin,WI
21019,Boyd,21,Kentucky,KY
40151,Woods,40,Oklahoma,OK
13061,Clay,13,Georgia,GA
48421,Sherman,48,Texas,TX
48319,Mason,48,Texas,TX
20049,Elk,20,Kansas,KS
20003,Anderson,20,Kansas,KS
20055,Finney,20,Kansas,KS
20075,Hamilton,20,Kansas,KS
20061,Geary,20,Kansas,KS
20109,Logan,20,Kansas,KS
20027,Clay,20,Kansas,KS
38011,Bowman,38,North Dakota,ND
48121,Denton,48,Texas,TX
48397,Rockwall,48,Texas,TX
55033,Dunn,55,Wisconsin,WI
55117,Sheboygan,55,Wisconsin,WI
55135,Waupaca,55,Wisconsin,WI
48275,Knox,48,Texas,TX
18015,Carroll,18,Indiana,IN
18145,Shelby,18,Indiana,IN
40033,Cotton,40,Oklahoma,OK
39175,Wyandot,39,Ohio,OH
28119,Quitman,28,Mississippi,MS
27035,Crow Wing,27,Minnesota,MN
27065,Kanabec,27,Minnesota,MN
27041,Douglas,27,Minnesota,MN
27159,Wadena,27,Minnesota,MN
55125,Vilas,55,Wisconsin,WI
55091,Pepin,55,Wisconsin,WI
55137,Waushara,55,Wisconsin,WI
40019,Carter,40,Oklahoma,OK
18019,Clark,18,Indiana,IN
18023,Clinton,18,Indiana,IN
40083,Logan,40,Oklahoma,OK
41053,Polk,41,Oregon,OR
39063,Hancock,39,Ohio,OH
54035,Jackson,54,West Virginia,WV
54061,Monongalia,54,West Virginia,WV
38061,Mountrail,38,North Dakota,ND
38091,Steele,38,North Dakota,ND
38047,Logan,38,North Dakota,ND
40091,McIntosh,40,Oklahoma,OK
20135,Ness,20,Kansas,KS
72123,Salinas,72,Puerto Rico,PR
35043,Sandoval,35,New Mexico,NM
35006,Cibola,35,New Mexico,NM
20051,Ellis,20,Kansas,KS
1019,Cherokee,1,Alabama,AL
20129,Morton,20,Kansas,KS
20023,Cheyenne,20,Kansas,KS
20147,Phillips,20,Kansas,KS
40057,Harmon,40,Oklahoma,OK
46045,Edmunds,46,South Dakota,SD
46049,Faulk,46,South Dakota,SD
46065,Hughes,46,South Dakota,SD
72005,Aguadilla,72,Puerto Rico,PR
72019,Barranquitas,72,Puerto Rico,PR
20179,Sheridan,20,Kansas,KS
20183,Smith,20,Kansas,KS
20195,Trego,20,Kansas,KS
30021,Dawson,30,Montana,MT
20209,Wyandotte,20,Kansas,KS
20083,Hodgeman,20,Kansas,KS
27133,Rock,27,Minnesota,MN
27091,Martin,27,Minnesota,MN
27095,Mille Lacs,27,Minnesota,MN
27123,Ramsey,27,Minnesota,MN
27143,Sibley,27,Minnesota,MN
27047,Freeborn,27,Minnesota,MN
27141,Sherburne,27,Minnesota,MN
18003,Allen,18,Indiana,IN
18077,Jefferson,18,Indiana,IN
35047,San Miguel,35,New Mexico,NM
55069,Lincoln,55,Wisconsin,WI
38069,Pierce,38,North Dakota,ND
31005,Arthur,31,Nebraska,NE
48109,Culberson,48,Texas,TX
27063,Jackson,27,Minnesota,MN
54009,Brooke,54,West Virginia,WV
55071,Manitowoc,55,Wisconsin,WI
55063,La Crosse,55,Wisconsin,WI
55059,Kenosha,55,Wisconsin,WI
19085,Harrison,19,Iowa,IA
42087,Mifflin,42,Pennsylvania,PA
42081,Lycoming,42,Pennsylvania,PA
39141,Ross,39,Ohio,OH
48381,Randall,48,Texas,TX
20043,Doniphan,20,Kansas,KS
21047,Christian,21,Kentucky,KY
40131,Rogers,40,Oklahoma,OK
8061,Kiowa,8,Colorado,CO
17159,Richland,17,Illinois,IL
17115,Macon,17,Illinois,IL
47109,McNairy,47,Tennessee,TN
19115,Louisa,19,Iowa,IA
17039,De Witt,17,Illinois,IL
17109,McDonough,17,Illinois,IL
40047,Garfield,40,Oklahoma,OK
40147,Washington,40,Oklahoma,OK
29117,Livingston,29,Missouri,MO
37025,Cabarrus,37,North Carolina,NC
54051,Marshall,54,West Virginia,WV
17131,Mercer,17,Illinois,IL
2220,Sitka,2,Alaska,AK
55119,Taylor,55,Wisconsin,WI
1031,Coffee,1,Alabama,AL
47051,Franklin,47,Tennessee,TN
28155,Webster,28,Mississippi,MS
28129,Smith,28,Mississippi,MS
45011,Barnwell,45,South Carolina,SC
39167,Washington,39,Ohio,OH
47181,Wayne,47,Tennessee,TN
46011,Brookings,46,South Dakota,SD
35031,McKinley,35,New Mexico,NM
39105,Meigs,39,Ohio,OH
36069,Ontario,36,New York,NY
17057,Fulton,17,Illinois,IL
5027,Columbia,5,Arkansas,AR
5137,Stone,5,Arkansas,AR
13321,Worth,13,Georgia,GA
20193,Thomas,20,Kansas,KS
20207,Woodson,20,Kansas,KS
42019,Butler,42,Pennsylvania,PA
21035,Calloway,21,Kentucky,KY
22027,Claiborne,22,Louisiana,LA
47153,Sequatchie,47,Tennessee,TN
48197,Hardeman,48,Texas,TX
19013,Black Hawk,19,Iowa,IA
19097,Jackson,19,Iowa,IA
18053,Grant,18,Indiana,IN
30107,Wheatland,30,Montana,MT
31081,Hamilton,31,Nebraska,NE
31015,Boyd,31,Nebraska,NE
37095,Hyde,37,North Carolina,NC
28075,Lauderdale,28,Mississippi,MS
22089,St. Charles,22,Louisiana,LA
56019,Johnson,56,Wyoming,WY
19149,Plymouth,19,Iowa,IA
40149,Washita,40,Oklahoma,OK
29021,Buchanan,29,Missouri,MO
5105,Perry,5,Arkansas,AR
17077,Jackson,17,Illinois,IL
13169,Jones,13,Georgia,GA
17135,Montgomery,17,Illinois,IL
56017,Hot Springs,56,Wyoming,WY
20111,Lyon,20,Kansas,KS
21023,Bracken,21,Kentucky,KY
54097,Upshur,54,West Virginia,WV
18029,Dearborn,18,Indiana,IN
5065,Izard,5,Arkansas,AR
28071,Lafayette,28,Mississippi,MS
37073,Gates,37,North Carolina,NC
50005,Caledonia,50,Vermont,VT
21201,Robertson,21,Kentucky,KY
21143,Lyon,21,Kentucky,KY
46099,Minnehaha,46,South Dakota,SD
8085,Montrose,8,Colorado,CO
18095,Madison,18,Indiana,IN
28133,Sunflower,28,Mississippi,MS
19133,Monona,19,Iowa,IA
18011,Boone,18,Indiana,IN
8011,Bent,8,Colorado,CO
20197,Wabaunsee,20,Kansas,KS
13281,Towns,13,Georgia,GA
17083,Jersey,17,Illinois,IL
39073,Hocking,39,Ohio,OH
33001,Belknap,33,New Hampshire,NH
48209,Hays,48,Texas,TX
20013,Brown,20,Kansas,KS
50019,Orleans,50,Vermont,VT
42015,Bradford,42,Pennsylvania,PA
72013,Arecibo,72,Puerto Rico,PR
28117,Prentiss,28,Mississippi,MS
36099,Seneca,36,New York,NY
17111,McHenry,17,Illinois,IL
29105,Laclede,29,Missouri,MO
38033,Golden Valley,38,North Dakota,ND
19161,Sac,19,Iowa,IA
18021,Clay,18,Indiana,IN
19019,Buchanan,19,Iowa,IA
39145,Scioto,39,Ohio,OH
46119,Sully,46,South Dakota,SD
20097,Kiowa,20,Kansas,KS
33005,Cheshire,33,New Hampshire,NH
13299,Ware,13,Georgia,GA
48305,Lynn,48,Texas,TX
55065,Lafayette,55,Wisconsin,WI
38057,Mercer,38,North Dakota,ND
13037,Calhoun,13,Georgia,GA
18013,Brown,18,Indiana,IN
16057,Latah,16,Idaho,ID
35049,Santa Fe,35,New Mexico,NM
29149,Oregon,29,Missouri,MO
29091,Howell,29,Missouri,MO
28005,Amite,28,Mississippi,MS
55083,Oconto,55,Wisconsin,WI
55019,Clark,55,Wisconsin,WI
72121,Sabana Grande,72,Puerto Rico,PR
39111,Monroe,39,Ohio,OH
29199,Scotland,29,Missouri,MO
28057,Itawamba,28,Mississippi,MS
19121,Madison,19,Iowa,IA
39149,Shelby,39,Ohio,OH
39101,Marion,39,Ohio,OH
27059,Isanti,27,Minnesota,MN
53051,Pend Oreille,53,Washington,WA
20167,Russell,20,Kansas,KS
36083,Rensselaer,36,New York,NY
38009,Bottineau,38,North Dakota,ND
20095,Kingman,20,Kansas,KS
20065,Graham,20,Kansas,KS
46033,Custer,46,South Dakota,SD
47103,Lincoln,47,Tennessee,TN
29219,Warren,29,Missouri,MO
36021,Columbia,36,New York,NY
17049,Effingham,17,Illinois,IL
53055,San Juan,53,Washington,WA
26075,Jackson,26,Michigan,MI
26067,Ionia,26,Michigan,MI
31117,McPherson,31,Nebraska,NE
36033,Franklin,36,New York,NY
21223,Trimble,21,Kentucky,KY
39075,Holmes,39,Ohio,OH
29111,Lewis,29,Missouri,MO
29101,Johnson,29,Missouri,MO
9013,Tolland,9,Connecticut,CT
26125,Oakland,26,Michigan,MI
39153,Summit,39,Ohio,OH
28019,Choctaw,28,Mississippi,MS
47111,Macon,47,Tennessee,TN
21061,Edmonson,21,Kentucky,KY
29067,Douglas,29,Missouri,MO
28145,Union,28,Mississippi,MS
40093,Major,40,Oklahoma,OK
29109,Lawrence,29,Missouri,MO
29073,Gasconade,29,Missouri,MO
36057,Montgomery,36,New York,NY
26159,Van Buren,26,Michigan,MI
26027,Cass,26,Michigan,MI
54053,Mason,54,West Virginia,WV
36001,Albany,36,New York,NY
17165,Saline,17,Illinois,IL
41049,Morrow,41,Oregon,OR
48137,Edwards,48,Texas,TX
12099,Palm Beach,12,Florida,FL
47169,Trousdale,47,Tennessee,TN
13053,Chattahoochee,13,Georgia,GA
55113,Sawyer,55,Wisconsin,WI
72137,Toa Baja,72,Puerto Rico,PR
72027,Camuy,72,Puerto Rico,PR
16047,Gooding,16,Idaho,ID
21103,Henry,21,Kentucky,KY
31063,Frontier,31,Nebraska,NE
31177,Washington,31,Nebraska,NE
31045,Dawes,31,Nebraska,NE
31115,Loup,31,Nebraska,NE
37191,Wayne,37,North Carolina,NC
48371,Pecos,48,Texas,TX
26049,Genesee,26,Michigan,MI
51111,Lunenburg,51,Virginia,VA
72007,Aguas Buenas,72,Puerto Rico,PR
17073,Henry,17,Illinois,IL
18101,Martin,18,Indiana,IN
19069,Franklin,19,Iowa,IA
21105,Hickman,21,Kentucky,KY
39067,Harrison,39,Ohio,OH
31055,Douglas,31,Nebraska,NE
49031,Piute,49,Utah,UT
53059,Skamania,53,Washington,WA
1067,Henry,1,Alabama,AL
4019,Pima,4,Arizona,AZ
40025,Cimarron,40,Oklahoma,OK
47083,Houston,47,Tennessee,TN
46053,Gregory,46,South Dakota,SD
20117,Marshall,20,Kansas,KS
28067,Jones,28,Mississippi,MS
31053,Dodge,31,Nebraska,NE
31049,Deuel,31,Nebraska,NE
5051,Garland,5,Arkansas,AR
5141,Van Buren,5,Arkansas,AR
5047,Franklin,5,Arkansas,AR
13307,Webster,13,Georgia,GA
20159,Rice,20,Kansas,KS
48123,DeWitt,48,Texas,TX
48497,Wise,48,Texas,TX
51750,Radford,51,Virginia,VA
31047,Dawson,31,Nebraska,NE
27049,Goodhue,27,Minnesota,MN
27079,Le Sueur,27,Minnesota,MN
22049,Jackson,22,Louisiana,LA
33013,Merrimack,33,New Hampshire,NH
30109,Wibaux,30,Montana,MT
13273,Terrell,13,Georgia,GA
36101,Steuben,36,New York,NY
21077,Gallatin,21,Kentucky,KY
21021,Boyle,21,Kentucky,KY
21053,Clinton,21,Kentucky,KY
27093,Meeker,27,Minnesota,MN
40003,Alfalfa,40,Oklahoma,OK
55101,Racine,55,Wisconsin,WI
19141,O'Brien,19,Iowa,IA
31129,Nuckolls,31,Nebraska,NE
31121,Merrick,31,Nebraska,NE
31087,Hitchcock,31,Nebraska,NE
31165,Sioux,31,Nebraska,NE
21145,McCracken,21,Kentucky,KY
20173,Sedgwick,20,Kansas,KS
47175,Van Buren,47,Tennessee,TN
8009,Baca,8,Colorado,CO
8095,Phillips,8,Colorado,CO
31007,Banner,31,Nebraska,NE
19181,Warren,19,Iowa,IA
18167,Vigo,18,Indiana,IN
19165,Shelby,19,Iowa,IA
18113,Noble,18,Indiana,IN
17061,Greene,17,Illinois,IL
39001,Adams,39,Ohio,OH
39125,Paulding,39,Ohio,OH
17163,St. Clair,17,Illinois,IL
17199,Williamson,17,Illinois,IL
17037,DeKalb,17,Illinois,IL
50011,Franklin,50,Vermont,VT
20165,Rush,20,Kansas,KS
21081,Grant,21,Kentucky,KY
51735,Poquoson,51,Virginia,VA
29141,Morgan,29,Missouri,MO
29179,Reynolds,29,Missouri,MO
48207,Haskell,48,Texas,TX
21045,Casey,21,Kentucky,KY
9005,Litchfield,9,Connecticut,CT
18005,Bartholomew,18,Indiana,IN
18127,Porter,18,Indiana,IN
27165,Watonwan,27,Minnesota,MN
72047,Corozal,72,Puerto Rico,PR
39057,Greene,39,Ohio,OH
29185,St. Clair,29,Missouri,MO
31123,Morrill,31,Nebraska,NE
31157,Scotts Bluff,31,Nebraska,NE
31149,Rock,31,Nebraska,NE
46017,Buffalo,46,South Dakota,SD
51840,Winchester,51,Virginia,VA
31119,Madison,31,Nebraska,NE
35001,Bernalillo,35,New Mexico,NM
31105,Kimball,31,Nebraska,NE
5053,Grant,5,Arkansas,AR
39157,Tuscarawas,39,Ohio,OH
35003,Catron,35,New Mexico,NM
17009,Brown,17,Illinois,IL
51065,Fluvanna,51,Virginia,VA
12071,Lee,12,Florida,FL
47007,Bledsoe,47,Tennessee,TN
18111,Newton,18,Indiana,IN
49053,Washington,49,Utah,UT
20057,Ford,20,Kansas,KS
40099,Murray,40,Oklahoma,OK
32027,Pershing,32,Nevada,NV
18121,Parke,18,Indiana,IN
19131,Mitchell,19,Iowa,IA
39147,Seneca,39,Ohio,OH
29155,Pemiscot,29,Missouri,MO
19119,Lyon,19,Iowa,IA
17121,Marion,17,Illinois,IL
25019,Nantucket,25,Massachusetts,MA
39163,Vinton,39,Ohio,OH
39031,Coshocton,39,Ohio,OH
20189,Stevens,20,Kansas,KS
27099,Mower,27,Minnesota,MN
28031,Covington,28,Mississippi,MS
72011,AÃ±asco,72,Puerto Rico,PR
19073,Greene,19,Iowa,IA
40037,Creek,40,Oklahoma,OK
48281,Lampasas,48,Texas,TX
29007,Audrain,29,Missouri,MO
29223,Wayne,29,Missouri,MO
29165,Platte,29,Missouri,MO
55107,Rusk,55,Wisconsin,WI
55009,Brown,55,Wisconsin,WI
40081,Lincoln,40,Oklahoma,OK
28065,Jefferson Davis,28,Mississippi,MS
46013,Brown,46,South Dakota,SD
35028,Los Alamos,35,New Mexico,NM
13159,Jasper,13,Georgia,GA
31043,Dakota,31,Nebraska,NE
29137,Monroe,29,Missouri,MO
29211,Sullivan,29,Missouri,MO
36085,Richmond,36,New York,NY
2261,Valdez-Cordova,2,Alaska,AK
40009,Beckham,40,Oklahoma,OK
47069,Hardeman,47,Tennessee,TN
72045,ComerÃ­o,72,Puerto Rico,PR
13023,Bleckley,13,Georgia,GA
55039,Fond du Lac,55,Wisconsin,WI
56027,Niobrara,56,Wyoming,WY
72143,Vega Alta,72,Puerto Rico,PR
41057,Tillamook,41,Oregon,OR
16081,Teton,16,Idaho,ID
20103,Leavenworth,20,Kansas,KS
20035,Cowley,20,Kansas,KS
12091,Okaloosa,12,Florida,FL
42107,Schuylkill,42,Pennsylvania,PA
39113,Montgomery,39,Ohio,OH
72001,Adjuntas,72,Puerto Rico,PR
72109,Patillas,72,Puerto Rico,PR
20157,Republic,20,Kansas,KS
39091,Logan,39,Ohio,OH
42035,Clinton,42,Pennsylvania,PA
16053,Jerome,16,Idaho,ID
40041,Delaware,40,Oklahoma,OK
40107,Okfuskee,40,Oklahoma,OK
29081,Harrison,29,Missouri,MO
28135,Tallahatchie,28,Mississippi,MS
20181,Sherman,20,Kansas,KS
35029,Luna,35,New Mexico,NM
23009,Hancock,23,Maine,ME
46121,Todd,46,South Dakota,SD
20081,Haskell,20,Kansas,KS
28015,Carroll,28,Mississippi,MS
16011,Bingham,16,Idaho,ID
13093,Dooly,13,Georgia,GA
37071,Gaston,37,North Carolina,NC
37003,Alexander,37,North Carolina,NC
32029,Storey,32,Nevada,NV
38093,Stutsman,38,North Dakota,ND
8101,Pueblo,8,Colorado,CO
18089,Lake,18,Indiana,IN
18065,Henry,18,Indiana,IN
19137,Montgomery,19,Iowa,IA
19023,Butler,19,Iowa,IA
17001,Adams,17,Illinois,IL
13177,Lee,13,Georgia,GA
31065,Furnas,31,Nebraska,NE
31029,Chase,31,Nebraska,NE
31025,Cass,31,Nebraska,NE
18063,Hendricks,18,Indiana,IN
18119,Owen,18,Indiana,IN
42075,Lebanon,42,Pennsylvania,PA
39121,Noble,39,Ohio,OH
20185,Stafford,20,Kansas,KS
72077,Juncos,72,Puerto Rico,PR
40137,Stephens,40,Oklahoma,OK
51103,Lancaster,51,Virginia,VA
31163,Sherman,31,Nebraska,NE
30101,Toole,30,Montana,MT
48295,Lipscomb,48,Texas,TX
41041,Lincoln,41,Oregon,OR
38025,Dunn,38,North Dakota,ND
38051,McIntosh,38,North Dakota,ND
20121,Miami,20,Kansas,KS
39015,Brown,39,Ohio,OH
48309,McLennan,48,Texas,TX
48439,Tarrant,48,Texas,TX
51169,Scott,51,Virginia,VA
48219,Hockley,48,Texas,TX
48303,Lubbock,48,Texas,TX
16067,Minidoka,16,Idaho,ID
1011,Bullock,1,Alabama,AL
40035,Craig,40,Oklahoma,OK
16029,Caribou,16,Idaho,ID
1057,Fayette,1,Alabama,AL
1027,Clay,1,Alabama,AL
32005,Douglas,32,Nevada,NV
28059,Jackson,28,Mississippi,MS
47125,Montgomery,47,Tennessee,TN
47099,Lawrence,47,Tennessee,TN
47171,Unicoi,47,Tennessee,TN
36087,Rockland,36,New York,NY
26127,Oceana,26,Michigan,MI
26135,Oscoda,26,Michigan,MI
8007,Archuleta,8,Colorado,CO
28111,Perry,28,Mississippi,MS
13257,Stephens,13,Georgia,GA
13175,Laurens,13,Georgia,GA
5031,Craighead,5,Arkansas,AR
38023,Divide,38,North Dakota,ND
20153,Rawlins,20,Kansas,KS
26031,Cheboygan,26,Michigan,MI
34025,Monmouth,34,New Jersey,NJ
41005,Clackamas,41,Oregon,OR
13269,Taylor,13,Georgia,GA
26019,Benzie,26,Michigan,MI
26143,Roscommon,26,Michigan,MI
26133,Osceola,26,Michigan,MI
51063,Floyd,51,Virginia,VA
31083,Harlan,31,Nebraska,NE
46073,Jerauld,46,South Dakota,SD
40073,Kingfisher,40,Oklahoma,OK
20187,Stanton,20,Kansas,KS
51530,Buena Vista,51,Virginia,VA
38019,Cavalier,38,North Dakota,ND
29161,Phelps,29,Missouri,MO
29121,Macon,29,Missouri,MO
37097,Iredell,37,North Carolina,NC
47133,Overton,47,Tennessee,TN
23019,Penobscot,23,Maine,ME
50003,Bennington,50,Vermont,VT
27055,Houston,27,Minnesota,MN
51685,Manassas Park,51,Virginia,VA
13059,Clarke,13,Georgia,GA
20045,Douglas,20,Kansas,KS
47047,Fayette,47,Tennessee,TN
13089,DeKalb,13,Georgia,GA
13043,Candler,13,Georgia,GA
13147,Hart,13,Georgia,GA
72025,Caguas,72,Puerto Rico,PR
28107,Panola,28,Mississippi,MS
13057,Cherokee,13,Georgia,GA
13231,Pike,13,Georgia,GA
13253,Seminole,13,Georgia,GA
21041,Carroll,21,Kentucky,KY
31161,Sheridan,31,Nebraska,NE
26095,Luce,26,Michigan,MI
55115,Shawano,55,Wisconsin,WI
13087,Decatur,13,Georgia,GA
13005,Bacon,13,Georgia,GA
72051,Dorado,72,Puerto Rico,PR
13119,Franklin,13,Georgia,GA
21113,Jessamine,21,Kentucky,KY
72035,Cayey,72,Puerto Rico,PR
13247,Rockdale,13,Georgia,GA
17193,White,17,Illinois,IL
17123,Marshall,17,Illinois,IL
1133,Winston,1,Alabama,AL
29143,New Madrid,29,Missouri,MO
48447,Throckmorton,48,Texas,TX
48483,Wheeler,48,Texas,TX
26057,Gratiot,26,Michigan,MI
72003,Aguada,72,Puerto Rico,PR
48505,Zapata,48,Texas,TX
41037,Lake,41,Oregon,OR
13099,Early,13,Georgia,GA
72107,Orocovis,72,Puerto Rico,PR
27071,Koochiching,27,Minnesota,MN
39131,Pike,39,Ohio,OH
13199,Meriwether,13,Georgia,GA
48017,Bailey,48,Texas,TX
26087,Lapeer,26,Michigan,MI
42093,Montour,42,Pennsylvania,PA
48231,Hunt,48,Texas,TX
28041,Greene,28,Mississippi,MS
27005,Becker,27,Minnesota,MN
27009,Benton,27,Minnesota,MN
46067,Hutchinson,46,South Dakota,SD
12081,Manatee,12,Florida,FL
39055,Geauga,39,Ohio,OH
48425,Somervell,48,Texas,TX
1053,Escambia,1,Alabama,AL
13259,Stewart,13,Georgia,GA
20169,Saline,20,Kansas,KS
26131,Ontonagon,26,Michigan,MI
9015,Windham,9,Connecticut,CT
8047,Gilpin,8,Colorado,CO
19113,Linn,19,Iowa,IA
19145,Page,19,Iowa,IA
18137,Ripley,18,Indiana,IN
72087,LoÃ­za,72,Puerto Rico,PR
55027,Dodge,55,Wisconsin,WI
20119,Meade,20,Kansas,KS
38049,McHenry,38,North Dakota,ND
72119,RÃ­o Grande,72,Puerto Rico,PR
46021,Campbell,46,South Dakota,SD
27081,Lincoln,27,Minnesota,MN
